timestamp,scan_id,lat,lon,ssid,mac,rssi
2026-02-17 10:49:20,232,35.52018,11.03284,dlink-04F9,10:BE:F5:52:04:F9,-84
2026-02-17 10:49:15,231,35.52019,11.03263,TOPNET_3420,84:D8:1B:19:34:20,-84
2026-02-17 10:49:15,231,35.52019,11.03263,dlink-04F9,10:BE:F5:52:04:F9,-86
2026-02-17 10:49:09,230,35.52012,11.03288,dlink-04F9,10:BE:F5:52:04:F9,-85
2026-02-17 10:49:04,229,35.52012,11.03288,TOPNET_3420,84:D8:1B:19:34:20,-81
2026-02-17 10:49:04,229,35.52012,11.03288,dlink-04F9,10:BE:F5:52:04:F9,-84
2026-02-17 10:49:04,229,35.52012,11.03288,ooredoo-43DD30,98:A9:42:43:DD:31,-86
2026-02-17 10:48:59,228,35.52008,11.03287,ooredoo-43DD30,98:A9:42:43:DD:31,-86
2026-02-17 10:48:59,228,35.52008,11.03287,dlink-04F9,10:BE:F5:52:04:F9,-88
2026-02-17 10:48:54,227,35.51999,11.03286,TOPNET_3420,84:D8:1B:19:34:20,-82
2026-02-17 10:48:54,227,35.51999,11.03286,dlink-04F9,10:BE:F5:52:04:F9,-87
2026-02-17 10:48:49,226,35.51988,11.03287,ooredoo-43DD30,98:A9:42:43:DD:31,-75
2026-02-17 10:48:49,226,35.51988,11.03287,dlink-04F9,10:BE:F5:52:04:F9,-83
2026-02-17 10:48:49,226,35.51988,11.03287,TOPNET_3420,84:D8:1B:19:34:20,-84
2026-02-17 10:48:44,225,35.51973,11.03285,ooredoo-43DD30,98:A9:42:43:DD:31,-66
2026-02-17 10:48:44,225,35.51973,11.03285,TOPNET_3420,84:D8:1B:19:34:20,-77
2026-02-17 10:48:44,225,35.51973,11.03285,dlink-04F9,10:BE:F5:52:04:F9,-86
2026-02-17 10:48:44,225,35.51973,11.03285,Ooredoo-X17M-283C77,D8:42:F7:28:3C:7B,-89
2026-02-17 10:48:44,225,35.51973,11.03285,Tunisie_Telecom-2.4G-EED6,A0:9F:7A:6B:EE:D6,-90
2026-02-17 10:48:39,224,35.51973,11.03285,ooredoo-43DD30,98:A9:42:43:DD:31,-65
2026-02-17 10:48:39,224,35.51973,11.03285,TOPNET_3420,84:D8:1B:19:34:20,-77
2026-02-17 10:48:39,224,35.51973,11.03285,Ooredoo-X17M-283C77,D8:42:F7:28:3C:7B,-87
2026-02-17 10:48:39,224,35.51973,11.03285,Tunisie_Telecom-2.4G-EED6,A0:9F:7A:6B:EE:D6,-88
2026-02-17 10:48:39,224,35.51973,11.03285,dlink-04F9,10:BE:F5:52:04:F9,-89
2026-02-17 10:48:34,223,35.51979,11.03283,ooredoo-43DD30,98:A9:42:43:DD:31,-69
2026-02-17 10:48:34,223,35.51979,11.03283,TOPNET_3420,84:D8:1B:19:34:20,-77
2026-02-17 10:48:34,223,35.51979,11.03283,dlink-04F9,10:BE:F5:52:04:F9,-84
2026-02-17 10:48:34,223,35.51979,11.03283,Ooredoo-X17M-283C77,D8:42:F7:28:3C:7B,-84
2026-02-17 10:48:29,222,35.51981,11.03296,ooredoo-43DD30,98:A9:42:43:DD:31,-79
2026-02-17 10:48:29,222,35.51981,11.03296,Tunisie_Telecom-2.4G-EED6,A0:9F:7A:6B:EE:D6,-80
2026-02-17 10:48:29,222,35.51981,11.03296,Ooredoo-X17M-283C77,D8:42:F7:28:3C:7B,-83
2026-02-17 10:48:29,222,35.51981,11.03296,TOPNET_3420,84:D8:1B:19:34:20,-87
2026-02-17 10:48:24,221,35.51944,11.03327,Tunisie_Telecom-2.4G-EED6,A0:9F:7A:6B:EE:D6,-67
2026-02-17 10:48:24,221,35.51944,11.03327,Ooredoo-X17M-283C77,D8:42:F7:28:3C:7B,-76
2026-02-17 10:48:24,221,35.51944,11.03327,ooredoo-43DD30,98:A9:42:43:DD:31,-87
2026-02-17 10:48:19,220,35.5194,11.03339,Tunisie_Telecom-2.4G-EED6,A0:9F:7A:6B:EE:D6,-67
2026-02-17 10:48:19,220,35.5194,11.03339,Ooredoo-X17M-283C77,D8:42:F7:28:3C:7B,-69
2026-02-17 10:48:19,220,35.5194,11.03339,ooredoo-43DD30,98:A9:42:43:DD:31,-78
2026-02-17 10:48:19,220,35.5194,11.03339,AP_M32531-7221023FP,28:56:2F:56:A8:E1,-79
2026-02-17 10:48:19,220,35.5194,11.03339,TUNISIETELECOM-2.4G-VNu4-EXT,90:91:64:20:97:C8,-88
2026-02-17 10:48:19,220,35.5194,11.03339,Tunisie_Telecom-2.4G-EE7D,A0:9F:7A:6B:EE:7D,-88
2026-02-17 10:48:19,220,35.5194,11.03339,TUNISIETELECOM-2.4G-VNu4,1C:73:E2:84:74:B0,-90
2026-02-17 10:48:14,219,35.51937,11.03309,Tunisie_Telecom-2.4G-EED6,A0:9F:7A:6B:EE:D6,-62
2026-02-17 10:48:14,219,35.51937,11.03309,AP_M32531-7221023FP,28:56:2F:56:A8:E1,-74
2026-02-17 10:48:14,219,35.51937,11.03309,Ooredoo-X17M-283C77,D8:42:F7:28:3C:7B,-78
2026-02-17 10:48:14,219,35.51937,11.03309,TUNISIETELECOM-2.4G-VNu4,1C:73:E2:84:74:B0,-82
2026-02-17 10:48:14,219,35.51937,11.03309,ooredoo-43DD30,98:A9:42:43:DD:31,-84
2026-02-17 10:48:14,219,35.51937,11.03309,TUNISIETELECOM-2.4G-wHd7,48:2F:D7:52:09:98,-85
2026-02-17 10:48:14,219,35.51937,11.03309,Tunisie_Telecom-2.4G-EE7D,A0:9F:7A:6B:EE:7D,-87
2026-02-17 10:48:14,219,35.51937,11.03309,TUNISIETELECOM-2.4G-VNu4-EXT,90:91:64:20:97:C8,-89
2026-02-17 10:48:14,219,35.51937,11.03309,DIRECT-920A1139,3A:9D:92:0A:91:39,-90
2026-02-17 10:48:09,218,35.51941,11.03321,TUNISIETELECOM-2.4G-VNu4-EXT,90:91:64:20:97:C8,-80
2026-02-17 10:48:09,218,35.51941,11.03321,Ooredoo-X17M-283C77,D8:42:F7:28:3C:7B,-80
2026-02-17 10:48:09,218,35.51941,11.03321,AP_M32531-7221023FP,28:56:2F:56:A8:E1,-81
2026-02-17 10:48:09,218,35.51941,11.03321,Tunisie_Telecom-2.4G-EE7D,A0:9F:7A:6B:EE:7D,-83
2026-02-17 10:48:09,218,35.51941,11.03321,SG-B2341163022,B8:D6:1A:9F:03:99,-84
2026-02-17 10:48:09,218,35.51941,11.03321,TUNISIETELECOM-2.4G-VNu4,1C:73:E2:84:74:B0,-88
2026-02-17 10:48:04,217,35.51949,11.0334,Tunisie_Telecom-2.4G-EED6,A0:9F:7A:6B:EE:D6,-69
2026-02-17 10:48:04,217,35.51949,11.0334,Ooredoo-X17M-283C77,D8:42:F7:28:3C:7B,-69
2026-02-17 10:48:04,217,35.51949,11.0334,sunways-WiFi0730211B,44:2A:8F:F8:43:50,-72
2026-02-17 10:48:04,217,35.51949,11.0334,AP_M32531-7221023FP,28:56:2F:56:A8:E1,-73
2026-02-17 10:48:04,217,35.51949,11.0334,TUNISIETELECOM-2.4G-VNu4-EXT,90:91:64:20:97:C8,-77
2026-02-17 10:48:04,217,35.51949,11.0334,TUNISIETELECOM-2.4G-VNu4,1C:73:E2:84:74:B0,-80
2026-02-17 10:48:04,217,35.51949,11.0334,TUNISIETELECOM-2.4G-wHd7,48:2F:D7:52:09:98,-80
2026-02-17 10:48:04,217,35.51949,11.0334,Tunisie_Telecom-2.4G-EE7D,A0:9F:7A:6B:EE:7D,-83
2026-02-17 10:48:04,217,35.51949,11.0334,DIRECT-920A1139,3A:9D:92:0A:91:39,-85
2026-02-17 10:48:04,217,35.51949,11.0334,SG-B2341163022,B8:D6:1A:9F:03:99,-86
2026-02-17 10:48:04,217,35.51949,11.0334,ooredoo-43DD30,98:A9:42:43:DD:31,-86
2026-02-17 10:47:59,216,35.51948,11.03343,AP_M32531-7221023FP,28:56:2F:56:A8:E1,-66
2026-02-17 10:47:59,216,35.51948,11.03343,Tunisie_Telecom-2.4G-EED6,A0:9F:7A:6B:EE:D6,-76
2026-02-17 10:47:59,216,35.51948,11.03343,TUNISIETELECOM-2.4G-VNu4-EXT,90:91:64:20:97:C8,-77
2026-02-17 10:47:59,216,35.51948,11.03343,TUNISIETELECOM-2.4G-VNu4,1C:73:E2:84:74:B0,-78
2026-02-17 10:47:59,216,35.51948,11.03343,TUNISIETELECOM-2.4G-wHd7,48:2F:D7:52:09:98,-82
2026-02-17 10:47:59,216,35.51948,11.03343,DIRECT-920A1139,3A:9D:92:0A:91:39,-86
2026-02-17 10:47:59,216,35.51948,11.03343,Ooredoo-X17M-283C77,D8:42:F7:28:3C:7B,-86
2026-02-17 10:47:59,216,35.51948,11.03343,sunways-WiFi0730211B,44:2A:8F:F8:43:50,-87
2026-02-17 10:47:54,215,35.51948,11.03343,Tunisie_Telecom-2.4G-EED6,A0:9F:7A:6B:EE:D6,-77
2026-02-17 10:47:54,215,35.51948,11.03343,Ooredoo-X17M-283C77,D8:42:F7:28:3C:7B,-82
2026-02-17 10:47:54,215,35.51948,11.03343,TUNISIETELECOM-2.4G-VNu4,1C:73:E2:84:74:B0,-84
2026-02-17 10:47:54,215,35.51948,11.03343,TUNISIETELECOM-2.4G-wHd7,48:2F:D7:52:09:98,-84
2026-02-17 10:47:54,215,35.51948,11.03343,Tunisie_Telecom-2.4G-EE7D,A0:9F:7A:6B:EE:7D,-86
2026-02-17 10:47:54,215,35.51948,11.03343,DIRECT-920A1139,3A:9D:92:0A:91:39,-89
2026-02-17 10:47:49,214,35.51943,11.03352,AP_M32531-7221023FP,28:56:2F:56:A8:E1,-73
2026-02-17 10:47:49,214,35.51943,11.03352,Ooredoo-X17M-283C77,D8:42:F7:28:3C:7B,-80
2026-02-17 10:47:49,214,35.51943,11.03352,Tunisie_Telecom-2.4G-EED6,A0:9F:7A:6B:EE:D6,-82
2026-02-17 10:47:49,214,35.51943,11.03352,PIX-LINK,90:91:64:25:C9:45,-83
2026-02-17 10:47:49,214,35.51943,11.03352,Tunisie_Telecom-2.4G-EE7D,A0:9F:7A:6B:EE:7D,-84
2026-02-17 10:47:49,214,35.51943,11.03352,DIRECT-920A1139,3A:9D:92:0A:91:39,-87
2026-02-17 10:47:49,214,35.51943,11.03352,sunways-WiFi0730211B,44:2A:8F:F8:43:50,-87
2026-02-17 10:47:49,214,35.51943,11.03352,TUNISIETELECOM-2.4G-wHd7,48:2F:D7:52:09:98,-88
2026-02-17 10:47:44,213,35.51946,11.03366,sunways-WiFi0730211B,44:2A:8F:F8:43:50,-70
2026-02-17 10:47:44,213,35.51946,11.03366,AP_M32531-7221023FP,28:56:2F:56:A8:E1,-74
2026-02-17 10:47:44,213,35.51946,11.03366,PIX-LINK,90:91:64:25:C9:45,-76
2026-02-17 10:47:44,213,35.51946,11.03366,Tunisie_Telecom-2.4G-EED6,A0:9F:7A:6B:EE:D6,-77
2026-02-17 10:47:44,213,35.51946,11.03366,Tunisie_Telecom-2.4G-EE7D,A0:9F:7A:6B:EE:7D,-80
2026-02-17 10:47:44,213,35.51946,11.03366,Ooredoo-X17M-283C77,D8:42:F7:28:3C:7B,-80
2026-02-17 10:47:44,213,35.51946,11.03366,TUNISIETELECOM-2.4G-VNu4-EXT,90:91:64:20:97:C8,-84
2026-02-17 10:47:38,212,35.51939,11.03401,Tunisie_Telecom-2.4G-EED6,A0:9F:7A:6B:EE:D6,-70
2026-02-17 10:47:38,212,35.51939,11.03401,AP_M32531-7221023FP,28:56:2F:56:A8:E1,-72
2026-02-17 10:47:38,212,35.51939,11.03401,PIX-LINK,90:91:64:25:C9:45,-76
2026-02-17 10:47:38,212,35.51939,11.03401,SG-B2341163022,B8:D6:1A:9F:03:99,-83
2026-02-17 10:47:38,212,35.51939,11.03401,TUNISIETELECOM-2.4G-wHd7,48:2F:D7:52:09:98,-84
2026-02-17 10:47:38,212,35.51939,11.03401,TUNISIETELECOM-2.4G-VNu4,1C:73:E2:84:74:B0,-85
2026-02-17 10:47:38,212,35.51939,11.03401,Ooredoo-X17M-283C77,D8:42:F7:28:3C:7B,-85
2026-02-17 10:47:38,212,35.51939,11.03401,Tunisie_Telecom-2.4G-EE7D,A0:9F:7A:6B:EE:7D,-87
2026-02-17 10:47:38,212,35.51939,11.03401,TUNISIETELECOM-2.4G-VNu4-EXT,90:91:64:20:97:C8,-90
2026-02-17 10:47:33,211,35.5194,11.034,Tunisie_Telecom-2.4G-EED6,A0:9F:7A:6B:EE:D6,-68
2026-02-17 10:47:33,211,35.5194,11.034,PIX-LINK,90:91:64:25:C9:45,-73
2026-02-17 10:47:33,211,35.5194,11.034,SG-B2341163022,B8:D6:1A:9F:03:99,-82
2026-02-17 10:47:33,211,35.5194,11.034,Ooredoo _S20_2F8F,98:A9:42:6E:2F:8F,-83
2026-02-17 10:47:33,211,35.5194,11.034,ooredoo-43DD30,98:A9:42:43:DD:31,-88
2026-02-17 10:47:33,211,35.5194,11.034,Tunisie_Telecom-2.4G-EE7D,A0:9F:7A:6B:EE:7D,-88
2026-02-17 10:47:33,211,35.5194,11.034,TUNISIETELECOM-2.4G-wHd7,48:2F:D7:52:09:98,-90
2026-02-17 10:47:28,210,35.51941,11.03399,SG-B2341163022,B8:D6:1A:9F:03:99,-70
2026-02-17 10:47:28,210,35.51941,11.03399,Tunisie_Telecom-2.4G-EED6,A0:9F:7A:6B:EE:D6,-72
2026-02-17 10:47:28,210,35.51941,11.03399,PIX-LINK,90:91:64:25:C9:45,-73
2026-02-17 10:47:28,210,35.51941,11.03399,Ooredoo _S20_2F8F,98:A9:42:6E:2F:8F,-74
2026-02-17 10:47:28,210,35.51941,11.03399,Ooredoo-X17M-283C77,D8:42:F7:28:3C:7B,-83
2026-02-17 10:47:23,209,35.51938,11.03401,PIX-LINK,90:91:64:25:C9:45,-56
2026-02-17 10:47:23,209,35.51938,11.03401,Ooredoo _S20_2F8F,98:A9:42:6E:2F:8F,-76
2026-02-17 10:47:23,209,35.51938,11.03401,SG-B2341163022,B8:D6:1A:9F:03:99,-81
2026-02-17 10:47:23,209,35.51938,11.03401,Ooredoo-X17M-283C77,D8:42:F7:28:3C:7B,-87
2026-02-17 10:47:23,209,35.51938,11.03401,AP_M32531-7221023FP,28:56:2F:56:A8:E1,-88
2026-02-17 10:47:23,209,35.51938,11.03401,Orange-0222,02:7E:DE:22:02:24,-89
2026-02-17 10:47:18,208,35.51938,11.03401,PIX-LINK,90:91:64:25:C9:45,-63
2026-02-17 10:47:18,208,35.51938,11.03401,Ooredoo _S20_2F8F,98:A9:42:6E:2F:8F,-66
2026-02-17 10:47:18,208,35.51938,11.03401,AP_M32531-7221023FP,28:56:2F:56:A8:E1,-79
2026-02-17 10:47:18,208,35.51938,11.03401,Orange-0222,02:7E:DE:22:02:24,-83
2026-02-17 10:47:18,208,35.51938,11.03401,Tunisie_Telecom-2.4G-EE7D,A0:9F:7A:6B:EE:7D,-86
2026-02-17 10:47:18,208,35.51938,11.03401,SG-B2341163022,B8:D6:1A:9F:03:99,-90
2026-02-17 10:47:13,207,35.51938,11.03401,Ooredoo _S20_2F8F,98:A9:42:6E:2F:8F,-70
2026-02-17 10:47:13,207,35.51938,11.03401,PIX-LINK,90:91:64:25:C9:45,-79
2026-02-17 10:47:13,207,35.51938,11.03401,Orange-0222,02:7E:DE:22:02:24,-85
2026-02-17 10:47:13,207,35.51938,11.03401,Ooredoo-X17M-283C77,D8:42:F7:28:3C:7B,-87
2026-02-17 10:47:08,206,35.51928,11.03415,Ooredoo _S20_2F8F,98:A9:42:6E:2F:8F,-68
2026-02-17 10:47:08,206,35.51928,11.03415,PIX-LINK,90:91:64:25:C9:45,-78
2026-02-17 10:47:08,206,35.51928,11.03415,Tunisie_Telecom-2.4G-EED6,A0:9F:7A:6B:EE:D6,-87
2026-02-17 10:47:08,206,35.51928,11.03415,Orange-0222,02:7E:DE:22:02:24,-88
2026-02-17 10:47:08,206,35.51928,11.03415,TUNISIETELECOM-2.4G-wHd7,48:2F:D7:52:09:98,-89
2026-02-17 10:47:03,205,35.5193,11.03414,Ooredoo _S20_2F8F,98:A9:42:6E:2F:8F,-72
2026-02-17 10:47:03,205,35.5193,11.03414,PIX-LINK,90:91:64:25:C9:45,-76
2026-02-17 10:46:58,204,35.51927,11.03416,Ooredoo _S20_2F8F,98:A9:42:6E:2F:8F,-73
2026-02-17 10:46:58,204,35.51927,11.03416,PIX-LINK,90:91:64:25:C9:45,-78
2026-02-17 10:46:58,204,35.51927,11.03416,ORANGE_D3F3,EC:55:1C:CC:D3:FC,-83
2026-02-17 10:46:58,204,35.51927,11.03416,Orange-0222,02:7E:DE:22:02:24,-84
2026-02-17 10:46:58,204,35.51927,11.03416,Tunisie_Telecom-2.4G-EED6,A0:9F:7A:6B:EE:D6,-89
2026-02-17 10:46:53,203,35.51916,11.03427,Ooredoo _S20_2F8F,98:A9:42:6E:2F:8F,-75
2026-02-17 10:46:53,203,35.51916,11.03427,PIX-LINK,90:91:64:25:C9:45,-80
2026-02-17 10:46:53,203,35.51916,11.03427,ORANGE_D3F3,EC:55:1C:CC:D3:FC,-88
2026-02-17 10:46:48,202,35.51912,11.03428,Ooredoo _S20_2F8F,98:A9:42:6E:2F:8F,-77
2026-02-17 10:46:48,202,35.51912,11.03428,PIX-LINK,90:91:64:25:C9:45,-79
2026-02-17 10:46:48,202,35.51912,11.03428,TOPNET_7470,3C:84:6A:5F:74:70,-89
2026-02-17 10:46:43,201,35.51906,11.03432,Ooredoo _S20_2F8F,98:A9:42:6E:2F:8F,-80
2026-02-17 10:46:43,201,35.51906,11.03432,TOPNET_7470,3C:84:6A:5F:74:70,-81
2026-02-17 10:46:43,201,35.51906,11.03432,Tunisie_Telecom-2.4G-EED6,A0:9F:7A:6B:EE:D6,-88
2026-02-17 10:46:43,201,35.51906,11.03432,PIX-LINK,90:91:64:25:C9:45,-89
2026-02-17 10:46:38,200,35.51886,11.03439,TOPNET_7470,3C:84:6A:5F:74:70,-76
2026-02-17 10:46:38,200,35.51886,11.03439,Ooredoo _S20_2F8F,98:A9:42:6E:2F:8F,-80
2026-02-17 10:46:38,200,35.51886,11.03439,PIX-LINK,90:91:64:25:C9:45,-85
2026-02-17 10:46:33,199,35.51905,11.0343,TOPNET_7470,3C:84:6A:5F:74:70,-77
2026-02-17 10:46:33,199,35.51905,11.0343,Ooredoo _S20_2F8F,98:A9:42:6E:2F:8F,-83
2026-02-17 10:46:33,199,35.51905,11.0343,PIX-LINK,90:91:64:25:C9:45,-85
2026-02-17 10:46:28,198,35.51905,11.03431,TOPNET_7470,3C:84:6A:5F:74:70,-76
2026-02-17 10:46:28,198,35.51905,11.03431,MAXBOX5G_6D34,A2:C3:1D:34:6D:B7,-84
2026-02-17 10:46:28,198,35.51905,11.03431,PIX-LINK,90:91:64:25:C9:45,-85
2026-02-17 10:46:28,198,35.51905,11.03431,Ooredoo _S20_2F8F,98:A9:42:6E:2F:8F,-86
2026-02-17 10:46:23,197,35.51906,11.03434,MAXBOX5G_6D34,A2:C3:1D:34:6D:B7,-85
2026-02-17 10:46:23,197,35.51906,11.03434,PIX-LINK,90:91:64:25:C9:45,-86
2026-02-17 10:46:23,197,35.51906,11.03434,TOPNET_7470,3C:84:6A:5F:74:70,-87
2026-02-17 10:46:23,197,35.51906,11.03434,ORANGE_D3F3,EC:55:1C:CC:D3:FC,-88
2026-02-17 10:46:18,196,35.51882,11.0345,TOPNET_7470,3C:84:6A:5F:74:70,-76
2026-02-17 10:46:18,196,35.51882,11.0345,MAXBOX5G_6D34,A2:C3:1D:34:6D:B7,-79
2026-02-17 10:46:18,196,35.51882,11.0345,ORANGE_D3F3,EC:55:1C:CC:D3:FC,-80
2026-02-17 10:46:13,195,35.51882,11.0345,MAXBOX5G_6D34,A2:C3:1D:34:6D:B7,-64
2026-02-17 10:46:13,195,35.51882,11.0345,Ooredoo _S20_2F8F,98:A9:42:6E:2F:8F,-78
2026-02-17 10:46:13,195,35.51882,11.0345,TOPNET_7470,3C:84:6A:5F:74:70,-79
2026-02-17 10:46:13,195,35.51882,11.0345,AP_M32531-7221023FP,28:56:2F:56:A8:E1,-80
2026-02-17 10:46:13,195,35.51882,11.0345,AP_M32531-72210239P,28:56:2F:57:77:D5,-86
2026-02-17 10:46:13,195,35.51882,11.0345,PIX-LINK,90:91:64:25:C9:45,-90
2026-02-17 10:46:07,194,35.51877,11.03455,MAXBOX5G_6D34,A2:C3:1D:34:6D:B7,-61
2026-02-17 10:46:07,194,35.51877,11.03455,Ooredoo _S20_2F8F,98:A9:42:6E:2F:8F,-81
2026-02-17 10:46:07,194,35.51877,11.03455,AP_M32531-72210239P,28:56:2F:57:77:D5,-83
2026-02-17 10:46:07,194,35.51877,11.03455,ORANGE_D3F3,EC:55:1C:CC:D3:FC,-85
2026-02-17 10:46:07,194,35.51877,11.03455,PIX-LINK,90:91:64:25:C9:45,-86
2026-02-17 10:46:07,194,35.51877,11.03455,sunways-WiFi0730211B,44:2A:8F:F8:43:50,-87
2026-02-17 10:46:02,193,35.51881,11.03452,MAXBOX5G_6D34,A2:C3:1D:34:6D:B7,-66
2026-02-17 10:46:02,193,35.51881,11.03452,AP_M32531-72210239P,28:56:2F:57:77:D5,-77
2026-02-17 10:46:02,193,35.51881,11.03452,AP_M32531-7221023FP,28:56:2F:56:A8:E1,-80
2026-02-17 10:46:02,193,35.51881,11.03452,PIX-LINK,90:91:64:25:C9:45,-82
2026-02-17 10:46:02,193,35.51881,11.03452,TOPNET_7470,3C:84:6A:5F:74:70,-82
2026-02-17 10:46:02,193,35.51881,11.03452,TUNISIETELECOM-2.4G-vCM3,48:2F:D7:07:90:44,-83
2026-02-17 10:46:02,193,35.51881,11.03452,Ooredoo _S20_2F8F,98:A9:42:6E:2F:8F,-85
2026-02-17 10:46:02,193,35.51881,11.03452,sunways-WiFi0730211B,44:2A:8F:F8:43:50,-86
2026-02-17 10:45:57,192,35.51884,11.03449,AP_M32531-72210239P,28:56:2F:57:77:D5,-72
2026-02-17 10:45:57,192,35.51884,11.03449,TUNISIETELECOM-2.4G-vCM3,48:2F:D7:07:90:44,-75
2026-02-17 10:45:57,192,35.51884,11.03449,MAXBOX5G_6D34,A2:C3:1D:34:6D:B7,-76
2026-02-17 10:45:57,192,35.51884,11.03449,AP_M32531-7221023FP,28:56:2F:56:A8:E1,-81
2026-02-17 10:45:57,192,35.51884,11.03449,sunways-WiFi0730211B,44:2A:8F:F8:43:50,-86
2026-02-17 10:45:57,192,35.51884,11.03449,ORANGE_DEE8,24:26:D6:F5:DE:F0,-88
2026-02-17 10:45:57,192,35.51884,11.03449,TOPNET_7470,3C:84:6A:5F:74:70,-90
2026-02-17 10:45:57,192,35.51884,11.03449,ORANGE_D3F3,EC:55:1C:CC:D3:FC,-90
2026-02-17 10:45:52,191,35.51892,11.03444,AP_M32531-72210239P,28:56:2F:57:77:D5,-72
2026-02-17 10:45:52,191,35.51892,11.03444,MAXBOX5G_6D34,A2:C3:1D:34:6D:B7,-85
2026-02-17 10:45:52,191,35.51892,11.03444,ORANGE_DEE8,24:26:D6:F5:DE:F0,-87
2026-02-17 10:45:52,191,35.51892,11.03444,TOPNET_7470,3C:84:6A:5F:74:70,-87
2026-02-17 10:45:52,191,35.51892,11.03444,TUNISIETELECOM-2.4G-vCM3,48:2F:D7:07:90:44,-87
2026-02-17 10:45:47,190,35.51886,11.03449,AP_M32531-72210239P,28:56:2F:57:77:D5,-68
2026-02-17 10:45:47,190,35.51886,11.03449,MAXBOX5G_6D34,A2:C3:1D:34:6D:B7,-86
2026-02-17 10:45:47,190,35.51886,11.03449,Ooredoo-X17M-E35B9A,FC:3F:FC:E3:5B:9E,-86
2026-02-17 10:45:42,189,35.51838,11.03481,AP_M32531-72210239P,28:56:2F:57:77:D5,-70
2026-02-17 10:45:42,189,35.51838,11.03481,TUNISIETELECOM-2.4G-vCM3,48:2F:D7:07:90:44,-84
2026-02-17 10:45:42,189,35.51838,11.03481,MAXBOX5G_6D34,A2:C3:1D:34:6D:B7,-86
2026-02-17 10:45:37,188,35.51838,11.03481,AP_M32531-72210239P,28:56:2F:57:77:D5,-68
2026-02-17 10:45:37,188,35.51838,11.03481,Ooredoo-X17M-E35B9A,FC:3F:FC:E3:5B:9E,-80
2026-02-17 10:45:37,188,35.51838,11.03481,ORANGE_DEE8,24:26:D6:F5:DE:F0,-83
2026-02-17 10:45:37,188,35.51838,11.03481,TUNISIETELECOM-2.4G-vCM3,48:2F:D7:07:90:44,-88
2026-02-17 10:45:32,187,35.5183,11.03499,ORANGE_DEE8,24:26:D6:F5:DE:F0,-79
2026-02-17 10:45:32,187,35.5183,11.03499,AP_M32531-72210239P,28:56:2F:57:77:D5,-80
2026-02-17 10:45:32,187,35.5183,11.03499,Ooredoo-X17M-E35B9A,FC:3F:FC:E3:5B:9E,-81
2026-02-17 10:45:32,187,35.5183,11.03499,MAXBOX5G_6D34,A2:C3:1D:34:6D:B7,-84
2026-02-17 10:45:32,187,35.5183,11.03499,TUNISIETELECOM-2.4G-vCM3,48:2F:D7:07:90:44,-90
2026-02-17 10:45:27,186,35.51836,11.03481,Ooredoo-X17M-E35B9A,FC:3F:FC:E3:5B:9E,-74
2026-02-17 10:45:27,186,35.51836,11.03481,ORANGE_DEE8,24:26:D6:F5:DE:F0,-85
2026-02-17 10:45:27,186,35.51836,11.03481,AP_M32531-72210239P,28:56:2F:57:77:D5,-86
2026-02-17 10:45:22,185,35.51834,11.03423,Ooredoo-X17M-E35B9A,FC:3F:FC:E3:5B:9E,-76
2026-02-17 10:45:22,185,35.51834,11.03423,AP_M32531-72210239P,28:56:2F:57:77:D5,-82
2026-02-17 10:45:22,185,35.51834,11.03423,ORANGE_DEE8,24:26:D6:F5:DE:F0,-88
2026-02-17 10:45:22,185,35.51834,11.03423,MAXBOX5G_6D34,A2:C3:1D:34:6D:B7,-88
2026-02-17 10:45:17,184,35.51801,11.03478,AP_M32531-72210239P,28:56:2F:57:77:D5,-86
2026-02-17 10:45:17,184,35.51801,11.03478,Ooredoo-X17M-E35B9A,FC:3F:FC:E3:5B:9E,-89
2026-02-17 10:45:17,184,35.51801,11.03478,ORANGE_DEE8,24:26:D6:F5:DE:F0,-90
2026-02-17 10:45:17,184,35.51801,11.03478,MAXBOX5G_6D34,A2:C3:1D:34:6D:B7,-90
2026-02-17 10:45:12,183,35.51799,11.03475,Ooredoo-X17M-E35B9A,FC:3F:FC:E3:5B:9E,-79
2026-02-17 10:45:12,183,35.51799,11.03475,AP_M32531-72210239P,28:56:2F:57:77:D5,-89
2026-02-17 10:45:07,182,35.5181,11.03475,Ooredoo-X17M-E35B9A,FC:3F:FC:E3:5B:9E,-84
2026-02-17 10:45:07,182,35.5181,11.03475,AP_M32531-72210239P,28:56:2F:57:77:D5,-90
2026-02-17 10:45:02,181,35.51803,11.03449,Ooredoo-X17M-E35B9A,FC:3F:FC:E3:5B:9E,-83
2026-02-17 10:44:52,179,35.51803,11.03454,Ooredoo-X17M-E35B9A,FC:3F:FC:E3:5B:9E,-72
2026-02-17 10:44:52,179,35.51803,11.03454,TUNISIETELECOM-2.4G-n4C3,48:2F:D7:07:78:18,-84
2026-02-17 10:44:52,179,35.51803,11.03454,AP_M32531-72210239P,28:56:2F:57:77:D5,-88
2026-02-17 10:44:52,179,35.51803,11.03454,TT_3EF0,40:ED:00:C3:3E:F0,-89
2026-02-17 10:44:47,178,35.51802,11.03463,TUNISIETELECOM-2.4G-f3Py,48:2F:D7:08:41:D4,-84
2026-02-17 10:44:47,178,35.51802,11.03463,TUNISIETELECOM-2.4G-n4C3,48:2F:D7:07:78:18,-87
2026-02-17 10:44:42,177,35.51797,11.03477,Ooredoo-X17M-E35B9A,FC:3F:FC:E3:5B:9E,-62
2026-02-17 10:44:42,177,35.51797,11.03477,TUNISIETELECOM-2.4G-n4C3,48:2F:D7:07:78:18,-90
2026-02-17 10:44:37,176,35.51799,11.03477,Ooredoo-X17M-E35B9A,FC:3F:FC:E3:5B:9E,-65
2026-02-17 10:44:37,176,35.51799,11.03477,TUNISIETELECOM-2.4G-n4C3,48:2F:D7:07:78:18,-85
2026-02-17 10:44:37,176,35.51799,11.03477,TT_3EF0,40:ED:00:C3:3E:F0,-89
2026-02-17 10:44:32,175,35.51788,11.03479,Ooredoo-X17M-E35B9A,FC:3F:FC:E3:5B:9E,-62
2026-02-17 10:44:32,175,35.51788,11.03479,TUNISIETELECOM-2.4G-n4C3,48:2F:D7:07:78:18,-82
2026-02-17 10:44:32,175,35.51788,11.03479,TT_3EF0,40:ED:00:C3:3E:F0,-87
2026-02-17 10:44:26,174,35.51789,11.03479,Ooredoo-X17M-E35B9A,FC:3F:FC:E3:5B:9E,-65
2026-02-17 10:44:26,174,35.51789,11.03479,TT_3EF0,40:ED:00:C3:3E:F0,-85
2026-02-17 10:44:26,174,35.51789,11.03479,TUNISIETELECOM-2.4G-f3Py,48:2F:D7:08:41:D4,-87
2026-02-17 10:44:26,174,35.51789,11.03479,TUNISIETELECOM-2.4G-n4C3,48:2F:D7:07:78:18,-89
2026-02-17 10:44:21,173,35.5179,11.03481,Ooredoo-X17M-E35B9A,FC:3F:FC:E3:5B:9E,-70
2026-02-17 10:44:21,173,35.5179,11.03481,TUNISIETELECOM-2.4G-f3Py,48:2F:D7:08:41:D4,-84
2026-02-17 10:44:21,173,35.5179,11.03481,TUNISIETELECOM-2.4G-n4C3,48:2F:D7:07:78:18,-85
2026-02-17 10:44:21,173,35.5179,11.03481,TT_3EF0,40:ED:00:C3:3E:F0,-88
2026-02-17 10:44:21,173,35.5179,11.03481,ORANGE_908C,24:26:D6:F5:90:94,-90
2026-02-17 10:44:16,172,35.51788,11.03478,Ooredoo-X17M-E35B9A,FC:3F:FC:E3:5B:9E,-76
2026-02-17 10:44:16,172,35.51788,11.03478,ORANGE_908C,24:26:D6:F5:90:94,-89
2026-02-17 10:44:11,171,35.51788,11.03478,Ooredoo-X17M-E35B9A,FC:3F:FC:E3:5B:9E,-70
2026-02-17 10:44:11,171,35.51788,11.03478,TUNISIETELECOM-2.4G-f3Py,48:2F:D7:08:41:D4,-84
2026-02-17 10:44:11,171,35.51788,11.03478,ORANGE_908C,24:26:D6:F5:90:94,-87
2026-02-17 10:44:06,170,35.5178,11.03478,Ooredoo-X17M-E35B9A,FC:3F:FC:E3:5B:9E,-73
2026-02-17 10:44:06,170,35.5178,11.03478,TT_3EF0,40:ED:00:C3:3E:F0,-89
2026-02-17 10:44:06,170,35.5178,11.03478,TUNISIETELECOM-2.4G-f3Py,48:2F:D7:08:41:D4,-89
2026-02-17 10:44:01,169,35.51756,11.03477,Ooredoo-X17M-E35B9A,FC:3F:FC:E3:5B:9E,-77
2026-02-17 10:43:56,168,35.51719,11.03474,Ooredoo-X17M-E35B9A,FC:3F:FC:E3:5B:9E,-76
2026-02-17 10:43:56,168,35.51719,11.03474,ORANGE_908C,24:26:D6:F5:90:94,-84
2026-02-17 10:43:56,168,35.51719,11.03474,Ooredoo-X17M-E30BC0,FC:3F:FC:E3:0B:C4,-87
2026-02-17 10:43:56,168,35.51719,11.03474,TUNISIETELECOM-2.4G-f3Py,48:2F:D7:08:41:D4,-88
2026-02-17 10:43:56,168,35.51719,11.03474,TT_3EF0,40:ED:00:C3:3E:F0,-89
2026-02-17 10:43:56,168,35.51719,11.03474,TUNISIETELECOM-2.4G-n4C3,48:2F:D7:07:78:18,-90
2026-02-17 10:43:51,167,35.5172,11.0346,ORANGE_908C,24:26:D6:F5:90:94,-68
2026-02-17 10:43:51,167,35.5172,11.0346,Ooredoo-X17M-E35B9A,FC:3F:FC:E3:5B:9E,-70
2026-02-17 10:43:51,167,35.5172,11.0346,Ooredoo-X17M-E30BC0,FC:3F:FC:E3:0B:C4,-81
2026-02-17 10:43:51,167,35.5172,11.0346,Ooredoo 4G_3991CE,60:14:66:39:91:CE,-90
2026-02-17 10:43:46,166,35.51705,11.03457,Ooredoo-X17M-E30BC0,FC:3F:FC:E3:0B:C4,-72
2026-02-17 10:43:46,166,35.51705,11.03457,Ooredoo-X17M-E35B9A,FC:3F:FC:E3:5B:9E,-78
2026-02-17 10:43:46,166,35.51705,11.03457,ORANGE_908C,24:26:D6:F5:90:94,-79
2026-02-17 10:43:46,166,35.51705,11.03457,Ooredoo 4G_3991CE,60:14:66:39:91:CE,-87
2026-02-17 10:43:46,166,35.51705,11.03457,TUNISIETELECOM-2.4G-f3Py,48:2F:D7:08:41:D4,-88
2026-02-17 10:43:46,166,35.51705,11.03457,HexaByte D9B0,6C:D1:E5:80:F4:84,-89
2026-02-17 10:43:46,166,35.51705,11.03457,TUNISIETELECOM-2.4G-n4C3,48:2F:D7:07:78:18,-89
2026-02-17 10:43:46,166,35.51705,11.03457,Redmi Note 11 Pro 5G,9E:17:79:9A:E6:2F,-90
2026-02-17 10:43:41,165,35.517,11.03441,Ooredoo 4G_3991CE,60:14:66:39:91:CE,-66
2026-02-17 10:43:41,165,35.517,11.03441,Ooredoo-X17M-E30BC0,FC:3F:FC:E3:0B:C4,-68
2026-02-17 10:43:41,165,35.517,11.03441,Ooredoo-X17M-E35B9A,FC:3F:FC:E3:5B:9E,-70
2026-02-17 10:43:41,165,35.517,11.03441,Redmi Note 11 Pro 5G,9E:17:79:9A:E6:2F,-81
2026-02-17 10:43:41,165,35.517,11.03441,ORANGE_908C,24:26:D6:F5:90:94,-83
2026-02-17 10:43:41,165,35.517,11.03441,TUNISIETELECOM-2.4G-w6H4,48:2F:D7:08:56:E4,-87
2026-02-17 10:43:36,164,35.51708,11.0344,Ooredoo 4G_3991CE,60:14:66:39:91:CE,-67
2026-02-17 10:43:36,164,35.51708,11.0344,TUNISIETELECOM-2.4G-w6H4,48:2F:D7:08:56:E4,-73
2026-02-17 10:43:36,164,35.51708,11.0344,Ooredoo-X17M-E35B9A,FC:3F:FC:E3:5B:9E,-77
2026-02-17 10:43:36,164,35.51708,11.0344,BEE HUAWEI-FCB3,30:49:9E:A2:11:FC,-78
2026-02-17 10:43:36,164,35.51708,11.0344,Ooredoo-X17M-E30BC0,FC:3F:FC:E3:0B:C4,-78
2026-02-17 10:43:36,164,35.51708,11.0344,ORANGE_908C,24:26:D6:F5:90:94,-81
2026-02-17 10:43:36,164,35.51708,11.0344,HexaByte D9B0,6C:D1:E5:80:F4:84,-82
2026-02-17 10:43:36,164,35.51708,11.0344,Redmi Note 11 Pro 5G,9E:17:79:9A:E6:2F,-83
2026-02-17 10:43:31,163,35.51703,11.03443,Ooredoo 4G_3991CE,60:14:66:39:91:CE,-65
2026-02-17 10:43:31,163,35.51703,11.03443,Redmi Note 11 Pro 5G,9E:17:79:9A:E6:2F,-73
2026-02-17 10:43:31,163,35.51703,11.03443,TUNISIETELECOM-2.4G-w6H4,48:2F:D7:08:56:E4,-76
2026-02-17 10:43:31,163,35.51703,11.03443,Ooredoo-X17M-E30BC0,FC:3F:FC:E3:0B:C4,-82
2026-02-17 10:43:31,163,35.51703,11.03443,ORANGE_908C,24:26:D6:F5:90:94,-83
2026-02-17 10:43:31,163,35.51703,11.03443,HexaByte D9B0,6C:D1:E5:80:F4:84,-84
2026-02-17 10:43:31,163,35.51703,11.03443,BEE HUAWEI-FCB3,30:49:9E:A2:11:FC,-86
2026-02-17 10:43:26,162,35.51703,11.03443,Ooredoo 4G_3991CE,60:14:66:39:91:CE,-73
2026-02-17 10:43:26,162,35.51703,11.03443,BEE HUAWEI-FCB3,30:49:9E:A2:11:FC,-76
2026-02-17 10:43:26,162,35.51703,11.03443,Redmi Note 11 Pro 5G,9E:17:79:9A:E6:2F,-81
2026-02-17 10:43:26,162,35.51703,11.03443,Ooredoo-X17M-E35B9A,FC:3F:FC:E3:5B:9E,-84
2026-02-17 10:43:26,162,35.51703,11.03443,HexaByte D9B0,6C:D1:E5:80:F4:84,-85
2026-02-17 10:43:21,161,35.51702,11.03456,Ooredoo 4G_3991CE,60:14:66:39:91:CE,-73
2026-02-17 10:43:21,161,35.51702,11.03456,HexaByte D9B0,6C:D1:E5:80:F4:84,-79
2026-02-17 10:43:21,161,35.51702,11.03456,BEE HUAWEI-FCB3,30:49:9E:A2:11:FC,-82
2026-02-17 10:43:21,161,35.51702,11.03456,dlink-D349,58:D5:6E:A9:D3:4A,-84
2026-02-17 10:43:21,161,35.51702,11.03456,ORANGE_908C,24:26:D6:F5:90:94,-86
2026-02-17 10:43:21,161,35.51702,11.03456,TUNISIETELECOM-2.4G-w6H4,48:2F:D7:08:56:E4,-90
2026-02-17 10:43:21,161,35.51702,11.03456,Ooredoo-X17M-E30BC0,FC:3F:FC:E3:0B:C4,-90
2026-02-17 10:43:16,160,35.51683,11.03486,ORANGE_908C,24:26:D6:F5:90:94,-82
2026-02-17 10:43:16,160,35.51683,11.03486,Ooredoo-X17M-E35B9A,FC:3F:FC:E3:5B:9E,-82
2026-02-17 10:43:16,160,35.51683,11.03486,BEE HUAWEI-FCB3,30:49:9E:A2:11:FC,-82
2026-02-17 10:43:16,160,35.51683,11.03486,Ooredoo 4G_3991CE,60:14:66:39:91:CE,-85
2026-02-17 10:43:16,160,35.51683,11.03486,Redmi Note 11 Pro 5G,9E:17:79:9A:E6:2F,-88
2026-02-17 10:43:16,160,35.51683,11.03486,ORANGE_85A8,24:26:D6:F5:85:B0,-89
2026-02-17 10:43:11,159,35.51681,11.03529,BEE HUAWEI-FCB3,30:49:9E:A2:11:FC,-74
2026-02-17 10:43:11,159,35.51681,11.03529,dlink-D349,58:D5:6E:A9:D3:4A,-80
2026-02-17 10:43:11,159,35.51681,11.03529,Ooredoo-X16-FF2FF6,98:A9:42:FF:2F:F7,-85
2026-02-17 10:43:11,159,35.51681,11.03529,TUNISIETELECOM-2.4G-w6H4,48:2F:D7:08:56:E4,-88
2026-02-17 10:43:11,159,35.51681,11.03529,Redmi Note 11 Pro 5G,9E:17:79:9A:E6:2F,-88
2026-02-17 10:43:11,159,35.51681,11.03529,HexaByte D9B0,6C:D1:E5:80:F4:84,-89
2026-02-17 10:43:11,159,35.51681,11.03529,ORANGE_85A8,24:26:D6:F5:85:B0,-89
2026-02-17 10:43:11,159,35.51681,11.03529,ORANGE_908C,24:26:D6:F5:90:94,-90
2026-02-17 10:43:06,158,35.51671,11.03547,ORANGE_908C,24:26:D6:F5:90:94,-84
2026-02-17 10:43:06,158,35.51671,11.03547,dlink-D349,58:D5:6E:A9:D3:4A,-87
2026-02-17 10:43:06,158,35.51671,11.03547,ORANGE_85A8,24:26:D6:F5:85:B0,-87
2026-02-17 10:43:06,158,35.51671,11.03547,BEE HUAWEI-FCB3,30:49:9E:A2:11:FC,-87
2026-02-17 10:43:06,158,35.51671,11.03547,Ooredoo-X16-FF2FF6,98:A9:42:FF:2F:F7,-87
2026-02-17 10:43:06,158,35.51671,11.03547,HexaByte D9B0,6C:D1:E5:80:F4:84,-89
2026-02-17 10:43:01,157,35.51674,11.03529,dlink-D349,58:D5:6E:A9:D3:4A,-77
2026-02-17 10:43:01,157,35.51674,11.03529,ORANGE_85A8,24:26:D6:F5:85:B0,-88
2026-02-17 10:43:01,157,35.51674,11.03529,ORANGE_908C,24:26:D6:F5:90:94,-89
2026-02-17 10:43:01,157,35.51674,11.03529,Ooredoo-X16-FF2FF6,98:A9:42:FF:2F:F7,-89
2026-02-17 10:43:01,157,35.51674,11.03529,BEE HUAWEI-FCB3,30:49:9E:A2:11:FC,-90
2026-02-17 10:42:56,156,35.51677,11.03526,dlink-D349,58:D5:6E:A9:D3:4A,-59
2026-02-17 10:42:56,156,35.51677,11.03526,ORANGE_85A8,24:26:D6:F5:85:B0,-85
2026-02-17 10:42:56,156,35.51677,11.03526,Ooredoo-X16-FF2FF6,98:A9:42:FF:2F:F7,-90
2026-02-17 10:42:51,155,35.5168,11.03555,dlink-D349,58:D5:6E:A9:D3:4A,-65
2026-02-17 10:42:46,154,35.5168,11.03568,dlink-D349,58:D5:6E:A9:D3:4A,-73
2026-02-17 10:42:46,154,35.5168,11.03568,Ooredoo-X16-FF2FF6,98:A9:42:FF:2F:F7,-75
2026-02-17 10:42:46,154,35.5168,11.03568,ORANGE_85A8,24:26:D6:F5:85:B0,-86
2026-02-17 10:42:41,153,35.51684,11.03552,Ooredoo-X16-FF2FF6,98:A9:42:FF:2F:F7,-68
2026-02-17 10:42:41,153,35.51684,11.03552,dlink-D349,58:D5:6E:A9:D3:4A,-87
2026-02-17 10:42:36,152,35.5169,11.03511,Ooredoo-X16-FF2FF6,98:A9:42:FF:2F:F7,-57
2026-02-17 10:42:36,152,35.5169,11.03511,dlink-D349,58:D5:6E:A9:D3:4A,-80
2026-02-17 10:42:30,151,35.51676,11.03488,Ooredoo-X16-FF2FF6,98:A9:42:FF:2F:F7,-61
2026-02-17 10:42:30,151,35.51676,11.03488,dlink-D349,58:D5:6E:A9:D3:4A,-79
2026-02-17 10:42:30,151,35.51676,11.03488,TT_2998,40:ED:00:A6:29:98,-87
2026-02-17 10:42:30,151,35.51676,11.03488,ORANGE_85A8,24:26:D6:F5:85:B0,-90
2026-02-17 10:42:25,150,35.51641,11.0349,Ooredoo-X16-FF2FF6,98:A9:42:FF:2F:F7,-65
2026-02-17 10:42:25,150,35.51641,11.0349,ORANGE_85A8,24:26:D6:F5:85:B0,-85
2026-02-17 10:42:25,150,35.51641,11.0349,TT_2998,40:ED:00:A6:29:98,-89
2026-02-17 10:42:25,150,35.51641,11.0349,dlink-D349,58:D5:6E:A9:D3:4A,-90
2026-02-17 10:42:25,150,35.51641,11.0349,TOPNET_9BC2,AC:5E:14:F7:9B:C8,-90
2026-02-17 10:42:25,150,35.51641,11.0349,TUNISIETELECOM-2.4G-Mu6D,48:2F:D7:52:1B:10,-90
2026-02-17 10:42:20,149,35.51641,11.0349,Ooredoo-X16-FF2FF6,98:A9:42:FF:2F:F7,-71
2026-02-17 10:42:20,149,35.51641,11.0349,ORANGE_85A8,24:26:D6:F5:85:B0,-85
2026-02-17 10:42:20,149,35.51641,11.0349,dlink-D349,58:D5:6E:A9:D3:4A,-89
2026-02-17 10:42:20,149,35.51641,11.0349,TOPNET_9BC2,AC:5E:14:F7:9B:C8,-89
2026-02-17 10:42:15,148,35.5162,11.03522,TT_2998,40:ED:00:A6:29:98,-72
2026-02-17 10:42:15,148,35.5162,11.03522,Ooredoo-X16-FF2FF6,98:A9:42:FF:2F:F7,-73
2026-02-17 10:42:15,148,35.5162,11.03522,ORANGE_85A8,24:26:D6:F5:85:B0,-83
2026-02-17 10:42:15,148,35.5162,11.03522,TOPNET_9BC2,AC:5E:14:F7:9B:C8,-87
2026-02-17 10:42:15,148,35.5162,11.03522,dlink-D349,58:D5:6E:A9:D3:4A,-89
2026-02-17 10:42:10,147,35.51621,11.0352,TT_2998,40:ED:00:A6:29:98,-71
2026-02-17 10:42:10,147,35.51621,11.0352,TOPNET_9BC2,AC:5E:14:F7:9B:C8,-80
2026-02-17 10:42:10,147,35.51621,11.0352,ORANGE_85A8,24:26:D6:F5:85:B0,-89
2026-02-17 10:42:05,146,35.51621,11.03519,TT_2998,40:ED:00:A6:29:98,-70
2026-02-17 10:42:05,146,35.51621,11.03519,ORANGE_85A8,24:26:D6:F5:85:B0,-74
2026-02-17 10:42:05,146,35.51621,11.03519,Ooredoo-X16-FF2FF6,98:A9:42:FF:2F:F7,-81
2026-02-17 10:42:05,146,35.51621,11.03519,TOPNET_9BC2,AC:5E:14:F7:9B:C8,-87
2026-02-17 10:42:05,146,35.51621,11.03519,dlink-D349,58:D5:6E:A9:D3:4A,-88
2026-02-17 10:42:05,146,35.51621,11.03519,ooredoo-43D540,98:A9:42:43:D5:41,-90
2026-02-17 10:42:05,146,35.51621,11.03519,ORANGE_85A8-EXT,90:91:64:28:F9:55,-90
2026-02-17 10:42:00,145,35.5162,11.03523,ORANGE_85A8,24:26:D6:F5:85:B0,-70
2026-02-17 10:42:00,145,35.5162,11.03523,TT_2998,40:ED:00:A6:29:98,-75
2026-02-17 10:42:00,145,35.5162,11.03523,TOPNET_9BC2,AC:5E:14:F7:9B:C8,-83
2026-02-17 10:42:00,145,35.5162,11.03523,Ooredoo-X16-FF2FF6,98:A9:42:FF:2F:F7,-84
2026-02-17 10:42:00,145,35.5162,11.03523,dlink-D349,58:D5:6E:A9:D3:4A,-88
2026-02-17 10:42:00,145,35.5162,11.03523,ORANGE_85A8-EXT,90:91:64:28:F9:55,-89
2026-02-17 10:41:55,144,35.5162,11.03523,ORANGE_85A8,24:26:D6:F5:85:B0,-67
2026-02-17 10:41:55,144,35.5162,11.03523,TOPNET_9BC2,AC:5E:14:F7:9B:C8,-80
2026-02-17 10:41:55,144,35.5162,11.03523,TT_2998,40:ED:00:A6:29:98,-82
2026-02-17 10:41:55,144,35.5162,11.03523,ORANGE_85A8-EXT,90:91:64:28:F9:55,-89
2026-02-17 10:41:55,144,35.5162,11.03523,ooredoo-43D540,98:A9:42:43:D5:41,-90
2026-02-17 10:41:50,143,35.51618,11.03524,ORANGE_85A8,24:26:D6:F5:85:B0,-66
2026-02-17 10:41:50,143,35.51618,11.03524,TT_2998,40:ED:00:A6:29:98,-82
2026-02-17 10:41:50,143,35.51618,11.03524,TOPNET_9BC2,AC:5E:14:F7:9B:C8,-82
2026-02-17 10:41:50,143,35.51618,11.03524,ooredoo-43D540,98:A9:42:43:D5:41,-83
2026-02-17 10:41:50,143,35.51618,11.03524,ORANGE_85A8-EXT,90:91:64:28:F9:55,-84
2026-02-17 10:41:50,143,35.51618,11.03524,Ooredoo-X16-FF2FF6,98:A9:42:FF:2F:F7,-87
2026-02-17 10:41:45,142,35.51611,11.03538,ORANGE_85A8,24:26:D6:F5:85:B0,-67
2026-02-17 10:41:45,142,35.51611,11.03538,ORANGE_85A8-EXT,90:91:64:28:F9:55,-76
2026-02-17 10:41:45,142,35.51611,11.03538,Ooredoo-X16-FF2FF6,98:A9:42:FF:2F:F7,-88
2026-02-17 10:41:45,142,35.51611,11.03538,ooredoo-43D540,98:A9:42:43:D5:41,-89
2026-02-17 10:41:40,141,35.51611,11.03538,ORANGE_85A8,24:26:D6:F5:85:B0,-66
2026-02-17 10:41:40,141,35.51611,11.03538,ooredoo-43D540,98:A9:42:43:D5:41,-80
2026-02-17 10:41:40,141,35.51611,11.03538,ORANGE_85A8-EXT,90:91:64:28:F9:55,-80
2026-02-17 10:41:40,141,35.51611,11.03538,TT_2998,40:ED:00:A6:29:98,-87
2026-02-17 10:41:35,140,35.51582,11.03543,ORANGE_85A8,24:26:D6:F5:85:B0,-80
2026-02-17 10:41:30,139,35.51592,11.03538,ORANGE_85A8,24:26:D6:F5:85:B0,-85
2026-02-17 10:41:25,138,35.51553,11.03545,ooredoo-43D540,98:A9:42:43:D5:41,-83
2026-02-17 10:41:25,138,35.51553,11.03545,Tunisie_Telecom-2.4G-2422,A0:9F:7A:6C:24:22,-90
2026-02-17 10:41:20,137,35.51582,11.03541,ooredoo-43D540,98:A9:42:43:D5:41,-87
2026-02-17 10:41:10,135,35.51578,11.03556,Tunisie_Telecom-2.4G-2422,A0:9F:7A:6C:24:22,-86
2026-02-17 10:41:05,134,35.51578,11.03556,Tunisie_Telecom-2.4G-2422,A0:9F:7A:6C:24:22,-74
2026-02-17 10:41:00,133,35.5157,11.03562,Tunisie_Telecom-2.4G-2422,A0:9F:7A:6C:24:22,-68
2026-02-17 10:41:00,133,35.5157,11.03562,Bannour Gri,98:A9:42:5D:80:A2,-85
2026-02-17 10:41:00,133,35.5157,11.03562,TT_8728,40:ED:00:C2:87:28,-88
2026-02-17 10:41:00,133,35.5157,11.03562,Fixbox-7E763C,34:BA:9A:7E:76:3C,-89
2026-02-17 10:41:00,133,35.5157,11.03562,BEE Nokia- 6F6E,50:88:C7:9D:66:49,-90
2026-02-17 10:41:00,133,35.5157,11.03562,HIDDEN,52:88:C7:CD:66:49,-90
2026-02-17 10:40:55,132,35.51567,11.03563,Tunisie_Telecom-2.4G-2422,A0:9F:7A:6C:24:22,-62
2026-02-17 10:40:55,132,35.51567,11.03563,ooredoo-8BD5E2,98:A9:42:8B:D5:E3,-85
2026-02-17 10:40:55,132,35.51567,11.03563,TUNISIETELECOM-2.4G-Mu6D,48:2F:D7:52:1B:10,-89
2026-02-17 10:40:55,132,35.51567,11.03563,HIDDEN,52:88:C7:CD:66:49,-89
2026-02-17 10:40:50,131,35.51578,11.0356,Tunisie_Telecom-2.4G-2422,A0:9F:7A:6C:24:22,-76
2026-02-17 10:40:50,131,35.51578,11.0356,TT_8728,40:ED:00:C2:87:28,-85
2026-02-17 10:40:45,130,35.51556,11.0356,Tunisie_Telecom-2.4G-2422,A0:9F:7A:6C:24:22,-60
2026-02-17 10:40:45,130,35.51556,11.0356,TT_8728,40:ED:00:C2:87:28,-67
2026-02-17 10:40:45,130,35.51556,11.0356,Bannour Gri,98:A9:42:5D:80:A2,-90
2026-02-17 10:40:39,129,35.51541,11.0357,TT_8728,40:ED:00:C2:87:28,-71
2026-02-17 10:40:39,129,35.51541,11.0357,Tunisie_Telecom-2.4G-2422,A0:9F:7A:6C:24:22,-71
2026-02-17 10:40:39,129,35.51541,11.0357,TUNISIETELECOM-2.4G-Mu6D,48:2F:D7:52:1B:10,-82
2026-02-17 10:40:39,129,35.51541,11.0357,Bannour Gri,98:A9:42:5D:80:A2,-85
2026-02-17 10:40:39,129,35.51541,11.0357,ooredoo-8BD5E2,98:A9:42:8B:D5:E3,-87
2026-02-17 10:40:39,129,35.51541,11.0357,BEE Nokia- 6F6E,50:88:C7:9D:66:49,-88
2026-02-17 10:40:39,129,35.51541,11.0357,ORANGE_85A8,24:26:D6:F5:85:B0,-90
2026-02-17 10:40:34,128,35.51533,11.03564,Tunisie_Telecom-2.4G-2422,A0:9F:7A:6C:24:22,-77
2026-02-17 10:40:34,128,35.51533,11.03564,TT_8728,40:ED:00:C2:87:28,-79
2026-02-17 10:40:34,128,35.51533,11.03564,Bannour Gri,98:A9:42:5D:80:A2,-85
2026-02-17 10:40:34,128,35.51533,11.03564,TUNISIETELECOM-2.4G-nYZ7,48:2F:D7:31:86:C8,-90
2026-02-17 10:40:29,127,35.51526,11.03564,Tunisie_Telecom-2.4G-2422,A0:9F:7A:6C:24:22,-74
2026-02-17 10:40:29,127,35.51526,11.03564,TUNISIETELECOM-2.4G-Mu6D,48:2F:D7:52:1B:10,-90
2026-02-17 10:40:24,126,35.51518,11.03564,Tunisie_Telecom-2.4G-2422,A0:9F:7A:6C:24:22,-81
2026-02-17 10:40:24,126,35.51518,11.03564,TT_8728,40:ED:00:C2:87:28,-84
2026-02-17 10:40:24,126,35.51518,11.03564,TUNISIETELECOM-2.4G-nYZ7,48:2F:D7:31:86:C8,-87
2026-02-17 10:40:19,125,35.51518,11.03564,Tunisie_Telecom-2.4G-2422,A0:9F:7A:6C:24:22,-75
2026-02-17 10:40:19,125,35.51518,11.03564,TUNISIETELECOM-2.4G-Mu6D,48:2F:D7:52:1B:10,-81
2026-02-17 10:40:19,125,35.51518,11.03564,TUNISIETELECOM-2.4G-nYZ7,48:2F:D7:31:86:C8,-85
2026-02-17 10:40:19,125,35.51518,11.03564,TT_8728,40:ED:00:C2:87:28,-88
2026-02-17 10:40:14,124,35.51516,11.03572,TT_8728,40:ED:00:C2:87:28,-73
2026-02-17 10:40:14,124,35.51516,11.03572,Tunisie_Telecom-2.4G-2422,A0:9F:7A:6C:24:22,-75
2026-02-17 10:40:14,124,35.51516,11.03572,TUNISIETELECOM-2.4G-Mu6D,48:2F:D7:52:1B:10,-76
2026-02-17 10:40:14,124,35.51516,11.03572,TUNISIETELECOM-2.4G-nYZ7,48:2F:D7:31:86:C8,-88
2026-02-17 10:40:09,123,35.51518,11.03574,TT_8728,40:ED:00:C2:87:28,-71
2026-02-17 10:40:09,123,35.51518,11.03574,Tunisie_Telecom-2.4G-2422,A0:9F:7A:6C:24:22,-72
2026-02-17 10:40:09,123,35.51518,11.03574,TUNISIETELECOM-2.4G-Mu6D,48:2F:D7:52:1B:10,-78
2026-02-17 10:40:09,123,35.51518,11.03574,ooredoo-8BD5E2,98:A9:42:8B:D5:E3,-82
2026-02-17 10:40:09,123,35.51518,11.03574,BEE Nokia- 6F6E,50:88:C7:9D:66:49,-85
2026-02-17 10:40:09,123,35.51518,11.03574,Bannour Gri,98:A9:42:5D:80:A2,-86
2026-02-17 10:40:09,123,35.51518,11.03574,HIDDEN,52:88:C7:CD:66:49,-86
2026-02-17 10:40:09,123,35.51518,11.03574,Fixbox-7E763C,34:BA:9A:7E:76:3C,-87
2026-02-17 10:40:09,123,35.51518,11.03574,Ooredoo-18A654,FC:3F:FC:18:A6:56,-88
2026-02-17 10:40:09,123,35.51518,11.03574,TUNISIETELECOM-2.4G-3gH2,48:2F:D7:52:0F:1C,-90
2026-02-17 10:40:04,122,35.51511,11.0358,TT_8728,40:ED:00:C2:87:28,-69
2026-02-17 10:40:04,122,35.51511,11.0358,TUNISIETELECOM-2.4G-Mu6D,48:2F:D7:52:1B:10,-79
2026-02-17 10:40:04,122,35.51511,11.0358,Tunisie_Telecom-2.4G-2422,A0:9F:7A:6C:24:22,-79
2026-02-17 10:40:04,122,35.51511,11.0358,ooredoo-8BD5E2,98:A9:42:8B:D5:E3,-81
2026-02-17 10:40:04,122,35.51511,11.0358,Fixbox-7E763C,34:BA:9A:7E:76:3C,-83
2026-02-17 10:40:04,122,35.51511,11.0358,TUNISIETELECOM-2.4G-nYZ7,48:2F:D7:31:86:C8,-86
2026-02-17 10:39:59,121,35.51504,11.03585,ooredoo-8BD5E2,98:A9:42:8B:D5:E3,-74
2026-02-17 10:39:59,121,35.51504,11.03585,TT_8728,40:ED:00:C2:87:28,-77
2026-02-17 10:39:59,121,35.51504,11.03585,Tunisie_Telecom-2.4G-2422,A0:9F:7A:6C:24:22,-77
2026-02-17 10:39:59,121,35.51504,11.03585,TUNISIETELECOM-2.4G-3gH2,48:2F:D7:52:0F:1C,-82
2026-02-17 10:39:59,121,35.51504,11.03585,BEE Nokia- 6F6E,50:88:C7:9D:66:49,-83
2026-02-17 10:39:59,121,35.51504,11.03585,TUNISIETELECOM-2.4G-nYZ7,48:2F:D7:31:86:C8,-89
2026-02-17 10:39:54,120,35.51503,11.03586,Tunisie_Telecom-2.4G-2422,A0:9F:7A:6C:24:22,-69
2026-02-17 10:39:54,120,35.51503,11.03586,TT_8728,40:ED:00:C2:87:28,-75
2026-02-17 10:39:54,120,35.51503,11.03586,HIDDEN,52:88:C7:CD:66:49,-82
2026-02-17 10:39:54,120,35.51503,11.03586,Bannour Gri,98:A9:42:5D:80:A2,-85
2026-02-17 10:39:54,120,35.51503,11.03586,ooredoo-8BD5E2,98:A9:42:8B:D5:E3,-85
2026-02-17 10:39:54,120,35.51503,11.03586,Fixbox-7E763C,34:BA:9A:7E:76:3C,-88
2026-02-17 10:39:54,120,35.51503,11.03586,TUNISIETELECOM-2.4G-Mu6D,48:2F:D7:52:1B:10,-90
2026-02-17 10:39:49,119,35.51499,11.03586,Tunisie_Telecom-2.4G-2422,A0:9F:7A:6C:24:22,-72
2026-02-17 10:39:49,119,35.51499,11.03586,TT_8728,40:ED:00:C2:87:28,-78
2026-02-17 10:39:49,119,35.51499,11.03586,BEE Nokia- 6F6E,50:88:C7:9D:66:49,-84
2026-02-17 10:39:49,119,35.51499,11.03586,HIDDEN,52:88:C7:CD:66:49,-84
2026-02-17 10:39:49,119,35.51499,11.03586,ooredoo-8BD5E2,98:A9:42:8B:D5:E3,-84
2026-02-17 10:39:49,119,35.51499,11.03586,Fixbox-7E763C,34:BA:9A:7E:76:3C,-86
2026-02-17 10:39:49,119,35.51499,11.03586,Ooredoo-18A654,FC:3F:FC:18:A6:56,-89
2026-02-17 10:39:44,118,35.51475,11.03591,TT_8728,40:ED:00:C2:87:28,-73
2026-02-17 10:39:44,118,35.51475,11.03591,Tunisie_Telecom-2.4G-2422,A0:9F:7A:6C:24:22,-78
2026-02-17 10:39:44,118,35.51475,11.03591,ooredoo-8BD5E2,98:A9:42:8B:D5:E3,-82
2026-02-17 10:39:44,118,35.51475,11.03591,BEE Nokia- 6F6E,50:88:C7:9D:66:49,-86
2026-02-17 10:39:44,118,35.51475,11.03591,ooredoo-5D79A7,98:A9:42:5D:79:A8,-86
2026-02-17 10:39:39,117,35.51477,11.03591,TT_8728,40:ED:00:C2:87:28,-74
2026-02-17 10:39:39,117,35.51477,11.03591,Tunisie_Telecom-2.4G-2422,A0:9F:7A:6C:24:22,-77
2026-02-17 10:39:39,117,35.51477,11.03591,BEE Nokia- 6F6E,50:88:C7:9D:66:49,-82
2026-02-17 10:39:39,117,35.51477,11.03591,HIDDEN,52:88:C7:CD:66:49,-83
2026-02-17 10:39:39,117,35.51477,11.03591,SE 2KTL_2104-72370884D,34:EA:E7:59:99:2B,-90
2026-02-17 10:39:34,116,35.51472,11.0359,Tunisie_Telecom-2.4G-2422,A0:9F:7A:6C:24:22,-78
2026-02-17 10:39:34,116,35.51472,11.0359,TT_8728,40:ED:00:C2:87:28,-86
2026-02-17 10:39:34,116,35.51472,11.0359,ALHN-8CD2_plus,44:F7:70:64:63:24,-87
2026-02-17 10:39:34,116,35.51472,11.0359,SE 2KTL_2104-72370884D,34:EA:E7:59:99:2B,-90
2026-02-17 10:39:29,115,35.51472,11.0359,TT_8728,40:ED:00:C2:87:28,-75
2026-02-17 10:39:29,115,35.51472,11.0359,Tunisie_Telecom-2.4G-2422,A0:9F:7A:6C:24:22,-80
2026-02-17 10:39:29,115,35.51472,11.0359,HIDDEN,52:88:C7:CD:66:49,-85
2026-02-17 10:39:29,115,35.51472,11.0359,ooredoo-43FE1A,98:A9:42:43:FE:1B,-86
2026-02-17 10:39:29,115,35.51472,11.0359,Ooredoo-18A654,FC:3F:FC:18:A6:56,-86
2026-02-17 10:39:29,115,35.51472,11.0359,TUNISIETELECOM-2.4G-3gH2,48:2F:D7:52:0F:1C,-89
2026-02-17 10:39:24,114,35.51471,11.03595,TT_8728,40:ED:00:C2:87:28,-75
2026-02-17 10:39:24,114,35.51471,11.03595,ALHN-8CD2_plus,44:F7:70:64:63:24,-77
2026-02-17 10:39:24,114,35.51471,11.03595,Ooredoo-18A654,FC:3F:FC:18:A6:56,-81
2026-02-17 10:39:24,114,35.51471,11.03595,ooredoo-5D79A7,98:A9:42:5D:79:A8,-81
2026-02-17 10:39:24,114,35.51471,11.03595,Tunisie_Telecom-2.4G-2422,A0:9F:7A:6C:24:22,-84
2026-02-17 10:39:24,114,35.51471,11.03595,ooredoo-43FE1A,98:A9:42:43:FE:1B,-87
2026-02-17 10:39:24,114,35.51471,11.03595,SE 2KTL_2104-72370884D,34:EA:E7:59:99:2B,-89
2026-02-17 10:39:24,114,35.51471,11.03595,ooredoo-8BD5E2,98:A9:42:8B:D5:E3,-89
2026-02-17 10:39:19,113,35.5147,11.03594,Tunisie_Telecom-2.4G-2422,A0:9F:7A:6C:24:22,-82
2026-02-17 10:39:19,113,35.5147,11.03594,ooredoo-5D79A7,98:A9:42:5D:79:A8,-83
2026-02-17 10:39:19,113,35.5147,11.03594,ALHN-8CD2_plus,44:F7:70:64:63:24,-86
2026-02-17 10:39:19,113,35.5147,11.03594,Ooredoo-18A654,FC:3F:FC:18:A6:56,-88
2026-02-17 10:39:19,113,35.5147,11.03594,TOPNET_E930_2EX,74:DA:38:C6:0E:81,-89
2026-02-17 10:39:19,113,35.5147,11.03594,TUNISIETELECOM-2.4G-3gH2,48:2F:D7:52:0F:1C,-90
2026-02-17 10:39:14,112,35.5147,11.03599,TT_8728,40:ED:00:C2:87:28,-86
2026-02-17 10:39:14,112,35.5147,11.03599,ooredoo-8BD5E2,98:A9:42:8B:D5:E3,-87
2026-02-17 10:39:14,112,35.5147,11.03599,Ooredoo-18A654,FC:3F:FC:18:A6:56,-88
2026-02-17 10:39:14,112,35.5147,11.03599,Tunisie_Telecom-2.4G-2422,A0:9F:7A:6C:24:22,-88
2026-02-17 10:39:14,112,35.5147,11.03599,TOPNET_E930_2EX,74:DA:38:C6:0E:81,-89
2026-02-17 10:39:09,111,35.51471,11.03598,TT_8728,40:ED:00:C2:87:28,-79
2026-02-17 10:39:09,111,35.51471,11.03598,Ooredoo-18A654,FC:3F:FC:18:A6:56,-82
2026-02-17 10:39:09,111,35.51471,11.03598,TUNISIETELECOM-2.4G-3gH2,48:2F:D7:52:0F:1C,-88
2026-02-17 10:39:09,111,35.51471,11.03598,Tunisie_Telecom-2.4G-2422,A0:9F:7A:6C:24:22,-88
2026-02-17 10:39:09,111,35.51471,11.03598,TOPNET_E930_2EX,74:DA:38:C6:0E:81,-90
2026-02-17 10:39:04,110,35.51473,11.03603,TT_8728,40:ED:00:C2:87:28,-80
2026-02-17 10:39:04,110,35.51473,11.03603,ooredoo-43FE1A,98:A9:42:43:FE:1B,-84
2026-02-17 10:39:04,110,35.51473,11.03603,Tunisie_Telecom-2.4G-2422,A0:9F:7A:6C:24:22,-86
2026-02-17 10:38:59,109,35.51475,11.03633,TOPNET_E930_2EX,74:DA:38:C6:0E:81,-79
2026-02-17 10:38:59,109,35.51475,11.03633,TT_8728,40:ED:00:C2:87:28,-80
2026-02-17 10:38:59,109,35.51475,11.03633,Ooredoo-18A654,FC:3F:FC:18:A6:56,-84
2026-02-17 10:38:59,109,35.51475,11.03633,Tunisie_Telecom-2.4G-2422,A0:9F:7A:6C:24:22,-85
2026-02-17 10:38:59,109,35.51475,11.03633,ooredoo-43FE1A,98:A9:42:43:FE:1B,-87
2026-02-17 10:38:59,109,35.51475,11.03633,SE 2KTL_2104-72370884D,34:EA:E7:59:99:2B,-88
2026-02-17 10:38:59,109,35.51475,11.03633,ooredoo-5D79A7,98:A9:42:5D:79:A8,-89
2026-02-17 10:38:59,109,35.51475,11.03633,ALHN-8CD2_plus,44:F7:70:64:63:24,-90
2026-02-17 10:38:54,108,35.51466,11.03646,TOPNET_E930_2EX,74:DA:38:C6:0E:81,-86
2026-02-17 10:38:54,108,35.51466,11.03646,Ooredoo-18A654,FC:3F:FC:18:A6:56,-87
2026-02-17 10:38:54,108,35.51466,11.03646,TT_8728,40:ED:00:C2:87:28,-87
2026-02-17 10:38:54,108,35.51466,11.03646,Tunisie_Telecom-2.4G-2422,A0:9F:7A:6C:24:22,-89
2026-02-17 10:38:49,107,35.51463,11.03658,SE 2KTL_2104-72370884D,34:EA:E7:59:99:2B,-84
2026-02-17 10:38:49,107,35.51463,11.03658,Ooredoo-18A654,FC:3F:FC:18:A6:56,-86
2026-02-17 10:38:49,107,35.51463,11.03658,ooredoo-5D79A7,98:A9:42:5D:79:A8,-90
2026-02-17 10:38:49,107,35.51463,11.03658,Tunisie_Telecom-2.4G-2422,A0:9F:7A:6C:24:22,-90
2026-02-17 10:38:44,106,35.51455,11.03674,TOPNET_E930_2EX,74:DA:38:C6:0E:81,-79
2026-02-17 10:38:44,106,35.51455,11.03674,ALHN-8CD2_plus,44:F7:70:64:63:24,-85
2026-02-17 10:38:44,106,35.51455,11.03674,Ooredoo-18A654,FC:3F:FC:18:A6:56,-86
2026-02-17 10:38:39,105,35.51455,11.03674,TOPNET_E930_2EX,74:DA:38:C6:0E:81,-79
2026-02-17 10:38:39,105,35.51455,11.03674,ALHN-8CD2_plus,44:F7:70:64:63:24,-83
2026-02-17 10:38:39,105,35.51455,11.03674,Ooredoo-18A654,FC:3F:FC:18:A6:56,-85
2026-02-17 10:38:39,105,35.51455,11.03674,MAXBOX5G_571A,82:82:D0:1A:57:BF,-89
2026-02-17 10:38:39,105,35.51455,11.03674,TT_8728,40:ED:00:C2:87:28,-90
2026-02-17 10:38:34,104,35.51454,11.03674,Ooredoo-18A654,FC:3F:FC:18:A6:56,-85
2026-02-17 10:38:34,104,35.51454,11.03674,Tunisie_Telecom-2.4G-2422,A0:9F:7A:6C:24:22,-86
2026-02-17 10:38:34,104,35.51454,11.03674,HIDDEN,52:88:C7:CF:0C:09,-90
2026-02-17 10:38:29,103,35.51452,11.03674,ALHN-8CD2_plus,44:F7:70:64:63:24,-75
2026-02-17 10:38:29,103,35.51452,11.03674,TOPNET_E930_2EX,74:DA:38:C6:0E:81,-75
2026-02-17 10:38:24,102,35.51439,11.03674,TOPNET_E930_2EX,74:DA:38:C6:0E:81,-76
2026-02-17 10:38:24,102,35.51439,11.03674,ALHN-8CD2_plus,44:F7:70:64:63:24,-87
2026-02-17 10:38:24,102,35.51439,11.03674,MAXBOX5G_571A,82:82:D0:1A:57:BF,-88
2026-02-17 10:38:24,102,35.51439,11.03674,Ooredoo-18A654,FC:3F:FC:18:A6:56,-89
2026-02-17 10:38:18,101,35.51438,11.03676,ALHN-8CD2_plus,44:F7:70:64:63:24,-70
2026-02-17 10:38:18,101,35.51438,11.03676,MAXBOX5G_571A,82:82:D0:1A:57:BF,-86
2026-02-17 10:38:13,100,35.51432,11.03675,ALHN-8CD2_plus,44:F7:70:64:63:24,-71
2026-02-17 10:38:13,100,35.51432,11.03675,TOPNET_E930_2EX,74:DA:38:C6:0E:81,-87
2026-02-17 10:38:08,99,35.51404,11.03663,ALHN-8CD2_plus,44:F7:70:64:63:24,-71
2026-02-17 10:38:08,99,35.51404,11.03663,MAXBOX5G_571A,82:82:D0:1A:57:BF,-84
2026-02-17 10:38:08,99,35.51404,11.03663,TOPNET_E930_2EX,74:DA:38:C6:0E:81,-87
2026-02-17 10:38:03,98,35.5142,11.03672,ALHN-8CD2_plus,44:F7:70:64:63:24,-83
2026-02-17 10:37:58,97,35.5142,11.03672,ALHN-8CD2_plus,44:F7:70:64:63:24,-67
2026-02-17 10:37:58,97,35.5142,11.03672,ALHN-89CA,50:88:C7:9F:0C:09,-89
2026-02-17 10:37:58,97,35.5142,11.03672,HIDDEN,52:88:C7:CF:0C:09,-89
2026-02-17 10:37:58,97,35.5142,11.03672,MAXBOX5G_571A,82:82:D0:1A:57:BF,-89
2026-02-17 10:37:53,96,35.51414,11.03676,ALHN-8CD2_plus,44:F7:70:64:63:24,-75
2026-02-17 10:37:53,96,35.51414,11.03676,MAXBOX5G_571A,82:82:D0:1A:57:BF,-81
2026-02-17 10:37:53,96,35.51414,11.03676,HIDDEN,52:88:C7:CF:0C:09,-87
2026-02-17 10:37:53,96,35.51414,11.03676,ALHN-89CA,50:88:C7:9F:0C:09,-89
2026-02-17 10:37:48,95,35.51407,11.03679,ALHN-8CD2_plus,44:F7:70:64:63:24,-77
2026-02-17 10:37:48,95,35.51407,11.03679,ALHN-89CA,50:88:C7:9F:0C:09,-77
2026-02-17 10:37:48,95,35.51407,11.03679,HIDDEN,52:88:C7:CF:0C:09,-81
2026-02-17 10:37:48,95,35.51407,11.03679,MAXBOX5G_571A,82:82:D0:1A:57:BF,-88
2026-02-17 10:37:43,94,35.51403,11.0368,MAXBOX5G_571A,82:82:D0:1A:57:BF,-81
2026-02-17 10:37:43,94,35.51403,11.0368,ALHN-8CD2_plus,44:F7:70:64:63:24,-82
2026-02-17 10:37:43,94,35.51403,11.0368,HIDDEN,52:88:C7:CF:0C:09,-86
2026-02-17 10:37:38,93,35.51396,11.03679,ALHN-8CD2_plus,44:F7:70:64:63:24,-77
2026-02-17 10:37:38,93,35.51396,11.03679,HIDDEN,52:88:C7:CF:0C:09,-83
2026-02-17 10:37:38,93,35.51396,11.03679,ALHN-89CA,50:88:C7:9F:0C:09,-84
2026-02-17 10:37:38,93,35.51396,11.03679,MAXBOX5G_571A,82:82:D0:1A:57:BF,-90
2026-02-17 10:37:33,92,35.51392,11.03677,ALHN-8CD2_plus,44:F7:70:64:63:24,-78
2026-02-17 10:37:33,92,35.51392,11.03677,MAXBOX5G_571A,82:82:D0:1A:57:BF,-84
2026-02-17 10:37:33,92,35.51392,11.03677,ALHN-89CA,50:88:C7:9F:0C:09,-88
2026-02-17 10:37:33,92,35.51392,11.03677,HIDDEN,52:88:C7:CF:0C:09,-89
2026-02-17 10:37:33,92,35.51392,11.03677,TOPNET_E930_2EX,74:DA:38:C6:0E:81,-90
2026-02-17 10:37:28,91,35.51388,11.03676,MAXBOX5G_571A,82:82:D0:1A:57:BF,-81
2026-02-17 10:37:28,91,35.51388,11.03676,ALHN-8CD2_plus,44:F7:70:64:63:24,-82
2026-02-17 10:37:28,91,35.51388,11.03676,HIDDEN,52:88:C7:CF:0C:09,-87
2026-02-17 10:37:28,91,35.51388,11.03676,ALHN-89CA,50:88:C7:9F:0C:09,-89
2026-02-17 10:37:23,90,35.51387,11.03674,ALHN-8CD2_plus,44:F7:70:64:63:24,-80
2026-02-17 10:37:23,90,35.51387,11.03674,HIDDEN,52:88:C7:CF:0C:09,-85
2026-02-17 10:37:23,90,35.51387,11.03674,MAXBOX5G_571A,82:82:D0:1A:57:BF,-85
2026-02-17 10:37:23,90,35.51387,11.03674,ALHN-89CA,50:88:C7:9F:0C:09,-88
2026-02-17 10:37:18,89,35.51381,11.03675,ALHN-89CA,50:88:C7:9F:0C:09,-88
2026-02-17 10:37:18,89,35.51381,11.03675,ALHN-8CD2_plus,44:F7:70:64:63:24,-89
2026-02-17 10:37:18,89,35.51381,11.03675,ooredoo-43FE1A,98:A9:42:43:FE:1B,-89
2026-02-17 10:37:18,89,35.51381,11.03675,HIDDEN,52:88:C7:CF:0C:09,-90
2026-02-17 10:37:13,88,35.51359,11.03672,Ooredoo-188AAC,FC:3F:FC:18:8A:AE,-81
2026-02-17 10:37:13,88,35.51359,11.03672,ONEV1P,98:A9:42:5E:96:54,-82
2026-02-17 10:37:13,88,35.51359,11.03672,ALHN-8CD2_plus,44:F7:70:64:63:24,-86
2026-02-17 10:37:08,87,35.51359,11.03672,ONEV1P,98:A9:42:5E:96:54,-76
2026-02-17 10:37:08,87,35.51359,11.03672,ALHN-8CD2_plus,44:F7:70:64:63:24,-81
2026-02-17 10:37:08,87,35.51359,11.03672,Ooredoo-188AAC,FC:3F:FC:18:8A:AE,-82
2026-02-17 10:37:08,87,35.51359,11.03672,ooredoo-43FE1A,98:A9:42:43:FE:1B,-85
2026-02-17 10:37:08,87,35.51359,11.03672,MAXBOX5G_571A,82:82:D0:1A:57:BF,-87
2026-02-17 10:37:03,86,35.51356,11.03669,ONEV1P,98:A9:42:5E:96:54,-81
2026-02-17 10:37:03,86,35.51356,11.03669,MAXBOX5G_571A,82:82:D0:1A:57:BF,-82
2026-02-17 10:36:58,85,35.51359,11.03668,MAXBOX5G_571A,82:82:D0:1A:57:BF,-87
2026-02-17 10:36:53,84,35.5136,11.03668,Ooredoo-188AAC,FC:3F:FC:18:8A:AE,-75
2026-02-17 10:36:53,84,35.5136,11.03668,Ooredoo-FEBCB6,98:A9:42:FE:BC:B8,-90
2026-02-17 10:36:48,83,35.51344,11.03677,Ooredoo-188AAC,FC:3F:FC:18:8A:AE,-79
2026-02-17 10:36:48,83,35.51344,11.03677,ALHN-8CD2_plus,44:F7:70:64:63:24,-89
2026-02-17 10:36:43,82,35.51343,11.03681,ONEV1P,98:A9:42:5E:96:54,-84
2026-02-17 10:36:38,81,35.51351,11.03675,ONEV1P,98:A9:42:5E:96:54,-79
2026-02-17 10:36:33,80,35.51354,11.03664,ONEV1P,98:A9:42:5E:96:54,-86
2026-02-17 10:36:28,79,35.51349,11.03645,ONEV1P,98:A9:42:5E:96:54,-82
2026-02-17 10:36:28,79,35.51349,11.03645,Wifi_SREFVPWRTW,48:31:B7:D0:7B:F3,-89
2026-02-17 10:36:18,77,35.51346,11.03657,ONEV1P,98:A9:42:5E:96:54,-79
2026-02-17 10:36:18,77,35.51346,11.03657,Ooredoo-FEBCB6,98:A9:42:FE:BC:B8,-85
2026-02-17 10:36:18,77,35.51346,11.03657,Wifi_SRZMFNZYDA,48:31:B7:D0:2C:0D,-89
2026-02-17 10:36:18,77,35.51346,11.03657,Wifi_SREFVPWRTW,48:31:B7:D0:7B:F3,-90
2026-02-17 10:36:13,76,35.51337,11.03645,DAP-8D081C8PAZ0430E,E4:24:6C:89:86:0E,-83
2026-02-17 10:36:13,76,35.51337,11.03645,Ooredoo-188AAC,FC:3F:FC:18:8A:AE,-86
2026-02-17 10:36:08,75,35.51338,11.03648,ONEV1P,98:A9:42:5E:96:54,-78
2026-02-17 10:36:08,75,35.51338,11.03648,Ooredoo-FEBCB6,98:A9:42:FE:BC:B8,-82
2026-02-17 10:36:08,75,35.51338,11.03648,Ooredoo-188AAC,FC:3F:FC:18:8A:AE,-86
2026-02-17 10:36:03,74,35.51327,11.03644,ONEV1P,98:A9:42:5E:96:54,-75
2026-02-17 10:36:03,74,35.51327,11.03644,TT_1CB8,F0:A7:31:71:1C:B8,-83
2026-02-17 10:36:03,74,35.51327,11.03644,Wifi_SR7BQ8TQTL,48:31:B7:D0:A1:05,-89
2026-02-17 10:36:03,74,35.51327,11.03644,DAP-8D081C8PAZ0430E,E4:24:6C:89:86:0E,-89
2026-02-17 10:36:03,74,35.51327,11.03644,Ooredoo-FEBCB6,98:A9:42:FE:BC:B8,-90
2026-02-17 10:35:58,73,35.51332,11.03648,Ooredoo-FEBCB6,98:A9:42:FE:BC:B8,-74
2026-02-17 10:35:58,73,35.51332,11.03648,ONEV1P,98:A9:42:5E:96:54,-85
2026-02-17 10:35:58,73,35.51332,11.03648,Wifi_SRZMFNZYDA,48:31:B7:D0:2C:0D,-88
2026-02-17 10:35:58,73,35.51332,11.03648,Wifi_SR7BQ8TQTL,48:31:B7:D0:A1:05,-90
2026-02-17 10:35:58,73,35.51332,11.03648,DAP-8D081C8PAZ0430E,E4:24:6C:89:86:0E,-90
2026-02-17 10:35:53,72,35.51313,11.03646,TT_1CB8,F0:A7:31:71:1C:B8,-76
2026-02-17 10:35:53,72,35.51313,11.03646,Ooredoo-FEBCB6,98:A9:42:FE:BC:B8,-81
2026-02-17 10:35:53,72,35.51313,11.03646,ONEV1P,98:A9:42:5E:96:54,-83
2026-02-17 10:35:53,72,35.51313,11.03646,DAP-8D081C8PAZ0430E,E4:24:6C:89:86:0E,-87
2026-02-17 10:35:53,72,35.51313,11.03646,Wifi_SREFVPWRTW,48:31:B7:D0:7B:F3,-88
2026-02-17 10:35:47,71,35.51293,11.03639,ONEV1P,98:A9:42:5E:96:54,-80
2026-02-17 10:35:47,71,35.51293,11.03639,DAP-8D081C8PAZ0430E,E4:24:6C:89:86:0E,-88
2026-02-17 10:35:47,71,35.51293,11.03639,Ooredoo-FEBCB6,98:A9:42:FE:BC:B8,-89
2026-02-17 10:35:42,70,35.51293,11.03639,Ooredoo-FEBCB6,98:A9:42:FE:BC:B8,-75
2026-02-17 10:35:42,70,35.51293,11.03639,DAP-8D081C8PAZ0430E,E4:24:6C:89:86:0E,-83
2026-02-17 10:35:42,70,35.51293,11.03639,Wifi_SR7BQ8TQTL,48:31:B7:D0:A1:05,-84
2026-02-17 10:35:42,70,35.51293,11.03639,Wifi_SREFVPWRTW,48:31:B7:D0:7B:F3,-86
2026-02-17 10:35:42,70,35.51293,11.03639,TT_1CB8,F0:A7:31:71:1C:B8,-86
2026-02-17 10:35:37,69,35.513,11.03635,Ooredoo-FEBCB6,98:A9:42:FE:BC:B8,-67
2026-02-17 10:35:37,69,35.513,11.03635,DAP-8D081C8PAZ0430E,E4:24:6C:89:86:0E,-77
2026-02-17 10:35:37,69,35.513,11.03635,Wifi_SREFVPWRTW,48:31:B7:D0:7B:F3,-79
2026-02-17 10:35:37,69,35.513,11.03635,Wifi_SRZMFNZYDA,48:31:B7:D0:2C:0D,-80
2026-02-17 10:35:37,69,35.513,11.03635,Wifi_SR7BQ8TQTL,48:31:B7:D0:A1:05,-82
2026-02-17 10:35:37,69,35.513,11.03635,ONEV1P,98:A9:42:5E:96:54,-83
2026-02-17 10:35:37,69,35.513,11.03635,TT_1CB8,F0:A7:31:71:1C:B8,-88
2026-02-17 10:35:32,68,35.51302,11.03626,DAP-8D081C8PAZ0430E,E4:24:6C:89:86:0E,-78
2026-02-17 10:35:32,68,35.51302,11.03626,Wifi_SR7BQ8TQTL,48:31:B7:D0:A1:05,-79
2026-02-17 10:35:32,68,35.51302,11.03626,Ooredoo-FEBCB6,98:A9:42:FE:BC:B8,-79
2026-02-17 10:35:32,68,35.51302,11.03626,Wifi_SRZMFNZYDA,48:31:B7:D0:2C:0D,-81
2026-02-17 10:35:32,68,35.51302,11.03626,Wifi_SREFVPWRTW,48:31:B7:D0:7B:F3,-82
2026-02-17 10:35:32,68,35.51302,11.03626,TT_1CB8,F0:A7:31:71:1C:B8,-85
2026-02-17 10:35:32,68,35.51302,11.03626,ONEV1P,98:A9:42:5E:96:54,-85
2026-02-17 10:35:27,67,35.513,11.03607,Wifi_SREFVPWRTW,48:31:B7:D0:7B:F3,-64
2026-02-17 10:35:27,67,35.513,11.03607,Wifi_SRZMFNZYDA,48:31:B7:D0:2C:0D,-66
2026-02-17 10:35:27,67,35.513,11.03607,Ooredoo-FEBCB6,98:A9:42:FE:BC:B8,-67
2026-02-17 10:35:27,67,35.513,11.03607,Wifi_SR7BQ8TQTL,48:31:B7:D0:A1:05,-69
2026-02-17 10:35:27,67,35.513,11.03607,DAP-8D081C8PAZ0430E,E4:24:6C:89:86:0E,-69
2026-02-17 10:35:27,67,35.513,11.03607,ONEV1P,98:A9:42:5E:96:54,-81
2026-02-17 10:35:27,67,35.513,11.03607,TT_1CB8,F0:A7:31:71:1C:B8,-89
2026-02-17 10:35:22,66,35.51296,11.03595,Wifi_SREFVPWRTW,48:31:B7:D0:7B:F3,-69
2026-02-17 10:35:22,66,35.51296,11.03595,Wifi_SR7BQ8TQTL,48:31:B7:D0:A1:05,-70
2026-02-17 10:35:22,66,35.51296,11.03595,DAP-8D081C8PAZ0430E,E4:24:6C:89:86:0E,-70
2026-02-17 10:35:22,66,35.51296,11.03595,Wifi_SRZMFNZYDA,48:31:B7:D0:2C:0D,-72
2026-02-17 10:35:17,65,35.51292,11.03582,DAP-8D081C8PAZ0430E,E4:24:6C:89:86:0E,-62
2026-02-17 10:35:17,65,35.51292,11.03582,Ooredoo-FEBCB6,98:A9:42:FE:BC:B8,-75
2026-02-17 10:35:17,65,35.51292,11.03582,Wifi_SR7BQ8TQTL,48:31:B7:D0:A1:05,-79
2026-02-17 10:35:17,65,35.51292,11.03582,ONEV1P,98:A9:42:5E:96:54,-87
2026-02-17 10:35:17,65,35.51292,11.03582,Wifi_SREFVPWRTW,48:31:B7:D0:7B:F3,-90
2026-02-17 10:35:12,64,35.51293,11.03582,DAP-8D081C8PAZ0430E,E4:24:6C:89:86:0E,-70
2026-02-17 10:35:12,64,35.51293,11.03582,Wifi_SRZMFNZYDA,48:31:B7:D0:2C:0D,-79
2026-02-17 10:35:12,64,35.51293,11.03582,Wifi_SR7BQ8TQTL,48:31:B7:D0:A1:05,-82
2026-02-17 10:35:12,64,35.51293,11.03582,Wifi_SREFVPWRTW,48:31:B7:D0:7B:F3,-83
2026-02-17 10:35:12,64,35.51293,11.03582,Ooredoo-FEBCB6,98:A9:42:FE:BC:B8,-83
2026-02-17 10:35:12,64,35.51293,11.03582,ONEV1P,98:A9:42:5E:96:54,-84
2026-02-17 10:35:07,63,35.51301,11.03585,DAP-8D081C8PAZ0430E,E4:24:6C:89:86:0E,-60
2026-02-17 10:35:07,63,35.51301,11.03585,Ooredoo-FEBCB6,98:A9:42:FE:BC:B8,-79
2026-02-17 10:35:07,63,35.51301,11.03585,ONEV1P,98:A9:42:5E:96:54,-84
2026-02-17 10:35:07,63,35.51301,11.03585,Wifi_SR7BQ8TQTL,48:31:B7:D0:A1:05,-87
2026-02-17 10:35:07,63,35.51301,11.03585,Wifi_SREFVPWRTW,48:31:B7:D0:7B:F3,-89
2026-02-17 10:35:07,63,35.51301,11.03585,Wifi_SRZMFNZYDA,48:31:B7:D0:2C:0D,-90
2026-02-17 10:35:02,62,35.51301,11.03585,DAP-8D081C8PAZ0430E,E4:24:6C:89:86:0E,-62
2026-02-17 10:35:02,62,35.51301,11.03585,Ooredoo-FEBCB6,98:A9:42:FE:BC:B8,-81
2026-02-17 10:35:02,62,35.51301,11.03585,ONEV1P,98:A9:42:5E:96:54,-88
2026-02-17 10:35:02,62,35.51301,11.03585,Wifi_SR7BQ8TQTL,48:31:B7:D0:A1:05,-89
2026-02-17 10:35:02,62,35.51301,11.03585,Wifi_SREFVPWRTW,48:31:B7:D0:7B:F3,-89
2026-02-17 10:35:02,62,35.51301,11.03585,TOPNET_4C70,98:48:27:F1:4C:70,-90
2026-02-17 10:34:57,61,35.51293,11.0358,DAP-8D081C8PAZ0430E,E4:24:6C:89:86:0E,-67
2026-02-17 10:34:57,61,35.51293,11.0358,TOPNET_4C70,98:48:27:F1:4C:70,-82
2026-02-17 10:34:57,61,35.51293,11.0358,Wifi_SRZMFNZYDA,48:31:B7:D0:2C:0D,-88
2026-02-17 10:34:52,60,35.51279,11.03577,TOPNET_4C70,98:48:27:F1:4C:70,-73
2026-02-17 10:34:52,60,35.51279,11.03577,DAP-8D081C8PAZ0430E,E4:24:6C:89:86:0E,-77
2026-02-17 10:34:52,60,35.51279,11.03577,Ooredoo-FEBCB6,98:A9:42:FE:BC:B8,-82
2026-02-17 10:34:47,59,35.51226,11.03576,DAP-8D081C8PAZ0430E,E4:24:6C:89:86:0E,-71
2026-02-17 10:34:47,59,35.51226,11.03576,TOPNET_4C70,98:48:27:F1:4C:70,-74
2026-02-17 10:34:47,59,35.51226,11.03576,Wifi_SRZMFNZYDA,48:31:B7:D0:2C:0D,-86
2026-02-17 10:34:47,59,35.51226,11.03576,Wifi_SR7BQ8TQTL,48:31:B7:D0:A1:05,-86
2026-02-17 10:34:47,59,35.51226,11.03576,Wifi_SREFVPWRTW,48:31:B7:D0:7B:F3,-89
2026-02-17 10:34:42,58,35.51229,11.03578,TOPNET_4C70,98:48:27:F1:4C:70,-70
2026-02-17 10:34:42,58,35.51229,11.03578,DAP-8D081C8PAZ0430E,E4:24:6C:89:86:0E,-76
2026-02-17 10:34:42,58,35.51229,11.03578,ONEV1P,98:A9:42:5E:96:54,-83
2026-02-17 10:34:42,58,35.51229,11.03578,Ooredoo-FEBCB6,98:A9:42:FE:BC:B8,-85
2026-02-17 10:34:37,57,35.51233,11.03581,TOPNET_4C70,98:48:27:F1:4C:70,-77
2026-02-17 10:34:37,57,35.51233,11.03581,DAP-8D081C8PAZ0430E,E4:24:6C:89:86:0E,-78
2026-02-17 10:34:37,57,35.51233,11.03581,ONEV1P,98:A9:42:5E:96:54,-85
2026-02-17 10:34:37,57,35.51233,11.03581,Ooredoo-FEBCB6,98:A9:42:FE:BC:B8,-89
2026-02-17 10:34:32,56,35.51227,11.03585,TOPNET_4C70,98:48:27:F1:4C:70,-69
2026-02-17 10:34:32,56,35.51227,11.03585,DAP-8D081C8PAZ0430E,E4:24:6C:89:86:0E,-80
2026-02-17 10:34:32,56,35.51227,11.03585,SE 2KTL_2117-38780191D,9C:D8:63:FB:4B:C4,-90
2026-02-17 10:34:27,55,35.51225,11.03578,TOPNET_4C70,98:48:27:F1:4C:70,-70
2026-02-17 10:34:27,55,35.51225,11.03578,TT_741F_2.4G,7C:F1:7E:17:74:1F,-83
2026-02-17 10:34:27,55,35.51225,11.03578,DAP-8D081C8PAZ0430E,E4:24:6C:89:86:0E,-85
2026-02-17 10:34:27,55,35.51225,11.03578,ONEV1P,98:A9:42:5E:96:54,-89
2026-02-17 10:34:22,54,35.51225,11.03576,TT_741F_2.4G,7C:F1:7E:17:74:1F,-82
2026-02-17 10:34:22,54,35.51225,11.03576,DAP-8D081C8PAZ0430E,E4:24:6C:89:86:0E,-86
2026-02-17 10:34:17,53,35.51225,11.03576,TT_741F_2.4G,7C:F1:7E:17:74:1F,-86
2026-02-17 10:34:17,53,35.51225,11.03576,DAP-8D081C8PAZ0430E,E4:24:6C:89:86:0E,-90
2026-02-17 10:34:12,52,35.51223,11.03561,SE 2KTL_2117-38780191D,9C:D8:63:FB:4B:C4,-78
2026-02-17 10:34:12,52,35.51223,11.03561,Ooredoo-FEBCB6,98:A9:42:FE:BC:B8,-87
2026-02-17 10:34:12,52,35.51223,11.03561,TT_741F_2.4G,7C:F1:7E:17:74:1F,-88
2026-02-17 10:34:07,51,35.51222,11.03561,SE 2KTL_2117-38780191D,9C:D8:63:FB:4B:C4,-78
2026-02-17 10:34:07,51,35.51222,11.03561,TT_741F_2.4G,7C:F1:7E:17:74:1F,-85
2026-02-17 10:34:02,50,35.51219,11.03565,SE 2KTL_2117-38780191D,9C:D8:63:FB:4B:C4,-61
2026-02-17 10:34:02,50,35.51219,11.03565,TT_741F_2.4G,7C:F1:7E:17:74:1F,-84
2026-02-17 10:34:02,50,35.51219,11.03565,Orange-60BE,E2:8D:D0:BE:60:9E,-84
2026-02-17 10:34:02,50,35.51219,11.03565,ALHN-8AED,50:88:C7:9F:1E:39,-90
2026-02-17 10:33:57,49,35.51218,11.03572,DAP-8D081C8PAZ0430E,E4:24:6C:89:86:0E,-78
2026-02-17 10:33:57,49,35.51218,11.03572,SE 2KTL_2117-38780191D,9C:D8:63:FB:4B:C4,-83
2026-02-17 10:33:57,49,35.51218,11.03572,TOPNET_4C70,98:48:27:F1:4C:70,-90
2026-02-17 10:33:52,48,35.51217,11.03573,SE 2KTL_2117-38780191D,9C:D8:63:FB:4B:C4,-77
2026-02-17 10:33:52,48,35.51217,11.03573,Orange-60BE,E2:8D:D0:BE:60:9E,-79
2026-02-17 10:33:52,48,35.51217,11.03573,Orange-A575,14:5F:94:11:A5:75,-83
2026-02-17 10:33:52,48,35.51217,11.03573,ALHN-8AED,50:88:C7:9F:1E:39,-86
2026-02-17 10:33:52,48,35.51217,11.03573,TT_741F_2.4G,7C:F1:7E:17:74:1F,-86
2026-02-17 10:33:52,48,35.51217,11.03573,TT-ALHN-0057-2.4,E0:3D:A6:08:80:D9,-88
2026-02-17 10:33:52,48,35.51217,11.03573,DAP-8D081C8PAZ0430E,E4:24:6C:89:86:0E,-89
2026-02-17 10:33:52,48,35.51217,11.03573,ONEV1P,98:A9:42:5E:96:54,-90
2026-02-17 10:33:47,47,35.51199,11.03572,TT_741F_2.4G,7C:F1:7E:17:74:1F,-75
2026-02-17 10:33:47,47,35.51199,11.03572,Orange-60BE,E2:8D:D0:BE:60:9E,-78
2026-02-17 10:33:47,47,35.51199,11.03572,Orange-A575,14:5F:94:11:A5:75,-85
2026-02-17 10:33:47,47,35.51199,11.03572,SE 2KTL_2117-38780191D,9C:D8:63:FB:4B:C4,-86
2026-02-17 10:33:47,47,35.51199,11.03572,ALHN-8AED,50:88:C7:9F:1E:39,-89
2026-02-17 10:33:42,46,35.51199,11.03572,Orange-A575,14:5F:94:11:A5:75,-75
2026-02-17 10:33:42,46,35.51199,11.03572,SE 2KTL_2117-38780191D,9C:D8:63:FB:4B:C4,-79
2026-02-17 10:33:42,46,35.51199,11.03572,ALHN-8AED,50:88:C7:9F:1E:39,-85
2026-02-17 10:33:42,46,35.51199,11.03572,TT_741F_2.4G,7C:F1:7E:17:74:1F,-86
2026-02-17 10:33:42,46,35.51199,11.03572,Orange-60BE,E2:8D:D0:BE:60:9E,-87
2026-02-17 10:33:42,46,35.51199,11.03572,DAP-8D081C8PAZ0430E,E4:24:6C:89:86:0E,-88
2026-02-17 10:33:42,46,35.51199,11.03572,TT-ALHN-0057-2.4,E0:3D:A6:08:80:D9,-89
2026-02-17 10:33:37,45,35.51192,11.03564,Orange-A575,14:5F:94:11:A5:75,-75
2026-02-17 10:33:37,45,35.51192,11.03564,ALHN-E6E1,C8:9C:BB:92:22:79,-87
2026-02-17 10:33:37,45,35.51192,11.03564,SE 2KTL_2117-38780191D,9C:D8:63:FB:4B:C4,-88
2026-02-17 10:33:37,45,35.51192,11.03564,TT-ALHN-0057-2.4,E0:3D:A6:08:80:D9,-88
2026-02-17 10:33:37,45,35.51192,11.03564,ALHN-8AED,50:88:C7:9F:1E:39,-89
2026-02-17 10:33:37,45,35.51192,11.03564,Orange-60BE,E2:8D:D0:BE:60:9E,-90
2026-02-17 10:33:32,44,35.51192,11.03564,ALHN-E6E1,C8:9C:BB:92:22:79,-78
2026-02-17 10:33:32,44,35.51192,11.03564,TT-ALHN-0057-2.4,E0:3D:A6:08:80:D9,-80
2026-02-17 10:33:32,44,35.51192,11.03564,SE 2KTL_2117-38780191D,9C:D8:63:FB:4B:C4,-90
2026-02-17 10:33:32,44,35.51192,11.03564,DAP-8D081C8PAZ0430E,E4:24:6C:89:86:0E,-90
2026-02-17 10:33:27,43,35.51183,11.03568,ALHN-E6E1,C8:9C:BB:92:22:79,-78
2026-02-17 10:33:27,43,35.51183,11.03568,TT-ALHN-0057-2.4,E0:3D:A6:08:80:D9,-79
2026-02-17 10:33:27,43,35.51183,11.03568,Orange-60BE,E2:8D:D0:BE:60:9E,-86
2026-02-17 10:33:27,43,35.51183,11.03568,Orange-A575,14:5F:94:11:A5:75,-86
2026-02-17 10:33:22,42,35.51194,11.03559,ALHN-E6E1,C8:9C:BB:92:22:79,-89
2026-02-17 10:33:22,42,35.51194,11.03559,SE 2KTL_2117-38780191D,9C:D8:63:FB:4B:C4,-90
2026-02-17 10:33:22,42,35.51194,11.03559,DAP-8D081C8PAZ0430E,E4:24:6C:89:86:0E,-90
2026-02-17 10:33:17,41,35.51182,11.03571,ALHN-E6E1,C8:9C:BB:92:22:79,-88
2026-02-17 10:33:17,41,35.51182,11.03571,TT-ALHN-0057-2.4,E0:3D:A6:08:80:D9,-89
2026-02-17 10:33:17,41,35.51182,11.03571,DAP-8D081C8PAZ0430E,E4:24:6C:89:86:0E,-90
2026-02-17 10:33:12,40,35.51146,11.03555,ALHN-E6E1,C8:9C:BB:92:22:79,-84
2026-02-17 10:33:12,40,35.51146,11.03555,DAP-8D081C8PAZ0430E,E4:24:6C:89:86:0E,-86
2026-02-17 10:33:12,40,35.51146,11.03555,TT_741F_2.4G,7C:F1:7E:17:74:1F,-87
2026-02-17 10:33:07,39,35.51149,11.03554,ALHN-E6E1,C8:9C:BB:92:22:79,-90
2026-02-17 10:33:07,39,35.51149,11.03554,TT_741F_2.4G,7C:F1:7E:17:74:1F,-90
2026-02-17 10:33:02,38,35.51147,11.03556,CMCservices,80:26:89:08:4F:2B,-86
2026-02-17 10:33:02,38,35.51147,11.03556,ALHN-E6E1,C8:9C:BB:92:22:79,-90
2026-02-17 10:32:57,37,35.51147,11.03556,CMCservices,80:26:89:08:4F:2B,-89
2026-02-17 10:32:52,36,35.51138,11.0356,CMCservices,80:26:89:08:4F:2B,-90
2026-02-17 10:32:42,34,35.51124,11.0356,HIDDEN,52:88:C7:CF:B7:E9,-85
2026-02-17 10:32:42,34,35.51124,11.0356,ALHN-9488,50:88:C7:9F:B7:E9,-86
2026-02-17 10:32:37,33,35.51124,11.03563,ALHN-9488,50:88:C7:9F:B7:E9,-87
2026-02-17 10:32:37,33,35.51124,11.03563,HIDDEN,52:88:C7:CF:B7:E9,-87
2026-02-17 10:32:32,32,35.51119,11.03559,ALHN-9488,50:88:C7:9F:B7:E9,-87
2026-02-17 10:32:32,32,35.51119,11.03559,HIDDEN,52:88:C7:CF:B7:E9,-89
2026-02-17 10:32:26,31,35.51107,11.03559,CMCservices,80:26:89:08:4F:2B,-84
2026-02-17 10:32:26,31,35.51107,11.03559,HIDDEN,52:88:C7:CF:B7:E9,-85
2026-02-17 10:32:21,30,35.51095,11.03567,ALHN-9488,50:88:C7:9F:B7:E9,-85
2026-02-17 10:32:21,30,35.51095,11.03567,CMCservices,80:26:89:08:4F:2B,-87
2026-02-17 10:32:16,29,35.51095,11.03567,CMCservices,80:26:89:08:4F:2B,-84
2026-02-17 10:32:16,29,35.51095,11.03567,ALHN-9488,50:88:C7:9F:B7:E9,-86
2026-02-17 10:32:16,29,35.51095,11.03567,HIDDEN,52:88:C7:CF:B7:E9,-88
2026-02-17 10:32:11,28,35.51092,11.03557,HIDDEN,52:88:C7:CF:B7:E9,-90
2026-02-17 10:32:01,26,35.51094,11.03547,CMCservices,80:26:89:08:4F:2B,-86
2026-02-17 10:31:51,24,35.51085,11.03555,CMCservices,80:26:89:08:4F:2B,-87
2026-02-17 10:31:46,23,35.51077,11.03588,Fixbox-7193DD,34:BA:9A:71:93:DD,-85
2026-02-17 10:31:46,23,35.51077,11.03588,ALHN-9488,50:88:C7:9F:B7:E9,-90
2026-02-17 10:31:46,23,35.51077,11.03588,CMCservices,80:26:89:08:4F:2B,-90
2026-02-17 10:31:41,22,35.51075,11.03587,Fixbox-7193DD,34:BA:9A:71:93:DD,-89
2026-02-17 10:31:41,22,35.51075,11.03587,CMCservices,80:26:89:08:4F:2B,-89
2026-02-17 10:31:36,21,35.51075,11.03587,Fixbox-7193DD,34:BA:9A:71:93:DD,-84
2026-02-17 10:31:31,20,35.51056,11.03568,Fixbox-7193DD,34:BA:9A:71:93:DD,-90
2026-02-17 10:31:26,19,35.51085,11.03583,Fixbox-7193DD,34:BA:9A:71:93:DD,-88
2026-02-17 10:31:21,18,35.51085,11.03587,Fixbox-7193DD,34:BA:9A:71:93:DD,-85
2026-02-17 10:31:16,17,35.51088,11.03615,Fixbox-7193DD,34:BA:9A:71:93:DD,-87
2026-02-17 10:31:16,17,35.51088,11.03615,ooredoo-441EC0,98:A9:42:44:1E:C1,-89
2026-02-17 10:31:11,16,35.51084,11.03629,ooredoo-441EC0,98:A9:42:44:1E:C1,-86
2026-02-17 10:31:11,16,35.51084,11.03629,Fixbox-7193DD,34:BA:9A:71:93:DD,-90
2026-02-17 10:31:01,14,35.51067,11.03649,ooredoo-441EC0,98:A9:42:44:1E:C1,-81
2026-02-17 10:31:01,14,35.51067,11.03649,Fixbox-7193DD,34:BA:9A:71:93:DD,-86
2026-02-17 10:30:56,13,35.51027,11.03633,ooredoo-441EC0,98:A9:42:44:1E:C1,-85
2026-02-17 10:30:51,12,35.51027,11.03633,Tunisie_Telecom-2.4G-EDBA,0C:0E:76:9E:00:B2,-80
2026-02-17 10:30:51,12,35.51027,11.03633,ooredoo-441EC0,98:A9:42:44:1E:C1,-81
2026-02-17 10:30:46,11,35.51027,11.03633,Tunisie_Telecom-2.4G-EDBA,A0:9F:7A:6B:ED:BA,-71
2026-02-17 10:30:46,11,35.51027,11.03633,ooredoo-441EC0,98:A9:42:44:1E:C1,-80
2026-02-17 10:30:46,11,35.51027,11.03633,Tunisie_Telecom-2.4G-EDBA,0C:0E:76:9E:00:B2,-81
2026-02-17 10:30:41,10,35.51027,11.03633,Tunisie_Telecom-2.4G-EDBA,A0:9F:7A:6B:ED:BA,-77
2026-02-17 10:30:41,10,35.51027,11.03633,Tunisie_Telecom-2.4G-EDBA,0C:0E:76:9E:00:B2,-85
2026-02-17 10:30:41,10,35.51027,11.03633,ooredoo-441EC0,98:A9:42:44:1E:C1,-90
2026-02-17 10:30:36,9,35.51029,11.03625,Tunisie_Telecom-2.4G-EDBA,A0:9F:7A:6B:ED:BA,-71
2026-02-17 10:30:36,9,35.51029,11.03625,ooredoo-441EC0,98:A9:42:44:1E:C1,-75
2026-02-17 10:30:36,9,35.51029,11.03625,ransomware,FC:3F:FC:18:DA:66,-76
2026-02-17 10:30:36,9,35.51029,11.03625,Tunisie_Telecom-2.4G-EDBA,0C:0E:76:9E:00:B2,-83
2026-02-17 10:30:31,8,35.51028,11.03628,ransomware,FC:3F:FC:18:DA:66,-81
2026-02-17 10:30:31,8,35.51028,11.03628,Tunisie_Telecom-2.4G-EDBA,A0:9F:7A:6B:ED:BA,-83
2026-02-17 10:30:31,8,35.51028,11.03628,ooredoo-441EC0,98:A9:42:44:1E:C1,-87
2026-02-17 10:30:26,7,35.51028,11.03628,ransomware,FC:3F:FC:18:DA:66,-80
2026-02-17 10:30:26,7,35.51028,11.03628,Tunisie_Telecom-2.4G-EDBA,A0:9F:7A:6B:ED:BA,-82
2026-02-17 10:30:26,7,35.51028,11.03628,ooredoo-441EC0,98:A9:42:44:1E:C1,-83
2026-02-17 10:30:26,7,35.51028,11.03628,Tunisie_Telecom-2.4G-EDBA,0C:0E:76:9E:00:B2,-89
2026-02-17 10:30:21,6,35.51017,11.03633,Tunisie_Telecom-2.4G-EDBA,A0:9F:7A:6B:ED:BA,-78
2026-02-17 10:30:21,6,35.51017,11.03633,ooredoo-441EC0,98:A9:42:44:1E:C1,-85
2026-02-17 10:30:21,6,35.51017,11.03633,Tunisie_Telecom-2.4G-EDBA,0C:0E:76:9E:00:B2,-88
2026-02-17 10:30:21,6,35.51017,11.03633,ransomware,FC:3F:FC:18:DA:66,-90
2026-02-17 10:30:16,5,35.51016,11.03633,Tunisie_Telecom-2.4G-EDBA,A0:9F:7A:6B:ED:BA,-80
2026-02-17 10:30:16,5,35.51016,11.03633,ransomware,FC:3F:FC:18:DA:66,-81
2026-02-17 10:30:16,5,35.51016,11.03633,ooredoo-441EC0,98:A9:42:44:1E:C1,-88
2026-02-17 10:30:11,4,35.51011,11.0363,Tunisie_Telecom-2.4G-EDBA,A0:9F:7A:6B:ED:BA,-78
2026-02-17 10:30:11,4,35.51011,11.0363,ransomware,FC:3F:FC:18:DA:66,-79
2026-02-17 10:30:11,4,35.51011,11.0363,Tunisie_Telecom-2.4G-EDBA,0C:0E:76:9E:00:B2,-89
2026-02-17 10:30:06,3,35.51008,11.03635,ransomware,FC:3F:FC:18:DA:66,-75
2026-02-17 10:30:06,3,35.51008,11.03635,Tunisie_Telecom-2.4G-EDBA,A0:9F:7A:6B:ED:BA,-83
2026-02-17 10:30:01,2,35.51015,11.03634,Tunisie_Telecom-2.4G-EDBA,A0:9F:7A:6B:ED:BA,-79
2026-02-17 10:30:01,2,35.51015,11.03634,ooredoo-441EC0,98:A9:42:44:1E:C1,-84
2026-02-17 10:30:01,2,35.51015,11.03634,Tunisie_Telecom-2.4G-EDBA,0C:0E:76:9E:00:B2,-89
2026-02-21 17:26:00,217,35.52129,11.03235,ooredoo-68A9A7,98:A9:42:68:A9:A8,-89
2026-02-21 17:25:40,215,35.52129,11.03235,ooredoo-68A9A7,98:A9:42:68:A9:A8,-81
2026-02-21 17:25:30,214,35.52129,11.03235,ooredoo-68A9A7,98:A9:42:68:A9:A8,-82
2026-02-21 17:25:20,213,35.52129,11.03235,ooredoo-68A9A7,98:A9:42:68:A9:A8,-88
2026-02-21 17:25:10,212,35.52129,11.03235,ooredoo-68A9A7,98:A9:42:68:A9:A8,-88
2026-02-21 17:22:50,198,35.52129,11.03235,DAP-89283AAPSF7850C,A8:31:62:1D:AE:F3,-88
2026-02-21 17:22:40,197,35.52129,11.03235,DAP-89283AAPSF7850C,A8:31:62:1D:AE:F3,-73
2026-02-21 17:22:30,196,35.52129,11.03235,DAP-89283AAPSF7850C,A8:31:62:1D:AE:F3,-62
2026-02-21 17:22:20,195,35.52133,11.03241,DAP-89283AAPSF7850C,A8:31:62:1D:AE:F3,-89
2026-02-21 17:22:10,194,35.52112,11.03721,DAP-89283AAPSF7850C,A8:31:62:1D:AE:F3,-84
2026-02-21 17:19:50,180,35.51704,11.0372,D-Link_DAP-1360,6C:72:20:7D:60:18,-89
2026-02-21 17:19:40,179,35.51708,11.03719,D-Link_DAP-1360,6C:72:20:7D:60:18,-79
2026-02-21 17:19:30,178,35.52019,11.03655,D-Link_DAP-1360,6C:72:20:7D:60:18,-70
2026-02-21 17:19:30,178,35.52019,11.03655,Couloir 4G,02:16:78:5A:17:F8,-90
2026-02-21 17:19:20,177,35.52019,11.03655,D-Link_DAP-1360,6C:72:20:7D:60:18,-79
2026-02-21 17:19:20,177,35.52019,11.03655,Couloir 4G,02:16:78:5A:17:F8,-89
2026-02-21 17:19:10,176,35.52019,11.03655,TUNISIETELECOM-2.4G-3YzD,48:2F:D7:32:3E:40,-79
2026-02-21 17:19:10,176,35.52019,11.03655,D-Link_DAP-1360,6C:72:20:7D:60:18,-84
2026-02-21 17:19:00,175,35.52019,11.03655,TUNISIETELECOM-2.4G-3YzD,48:2F:D7:32:3E:40,-87
2026-02-21 17:19:00,175,35.52019,11.03655,Couloir 4G,02:16:78:5A:17:F8,-87
2026-02-21 17:18:50,174,35.52019,11.03655,TUNISIETELECOM-2.4G-3YzD,48:2F:D7:32:3E:40,-78
2026-02-21 17:18:50,174,35.52019,11.03655,Couloir 4G,02:16:78:5A:17:F8,-90
2026-02-21 17:18:40,173,35.52252,11.03299,TUNISIETELECOM-2.4G-3YzD,48:2F:D7:32:3E:40,-75
2026-02-21 17:18:40,173,35.52252,11.03299,Couloir 4G,02:16:78:5A:17:F8,-90
2026-02-21 17:18:30,172,35.52252,11.03299,TUNISIETELECOM-2.4G-3YzD,48:2F:D7:32:3E:40,-76
2026-02-21 17:18:30,172,35.52252,11.03299,Couloir 4G,02:16:78:5A:17:F8,-86
2026-02-21 17:18:20,171,35.52252,11.03299,TUNISIETELECOM-2.4G-3YzD,48:2F:D7:32:3E:40,-87
2026-02-21 17:18:10,170,35.52252,11.03299,Ooredoo 4G_6428B7,B0:0A:D5:64:28:B7,-86
2026-02-21 17:18:00,169,35.52252,11.03299,Ooredoo 4G_6428B7,B0:0A:D5:64:28:B7,-81
2026-02-21 17:18:00,169,35.52252,11.03299,ooredoo-43E870,98:A9:42:43:E8:71,-85
2026-02-21 17:17:50,168,35.52252,11.03299,Ooredoo 4G_6428B7,B0:0A:D5:64:28:B7,-65
2026-02-21 17:17:50,168,35.52252,11.03299,ooredoo-43E870,98:A9:42:43:E8:71,-77
2026-02-21 17:17:40,167,35.52224,11.03213,,E0:E1:A9:C5:43:64,-69
2026-02-21 17:17:40,167,35.52224,11.03213,ooredoo-43E870,98:A9:42:43:E8:71,-70
2026-02-21 17:17:40,167,35.52224,11.03213,Ooredoo 4G_6428B7,B0:0A:D5:64:28:B7,-76
2026-02-21 17:17:30,166,35.52233,11.03289,,E0:E1:A9:C5:43:64,-73
2026-02-21 17:17:30,166,35.52233,11.03289,ooredoo-43E870,98:A9:42:43:E8:71,-79
2026-02-21 17:17:30,166,35.52233,11.03289,Ooredoo 4G_6428B7,B0:0A:D5:64:28:B7,-85
2026-02-21 17:17:20,165,35.52196,11.03206,,E0:E1:A9:C5:43:64,-70
2026-02-21 17:17:20,165,35.52196,11.03206,Ooredoo 4G_6428B7,B0:0A:D5:64:28:B7,-79
2026-02-21 17:17:20,165,35.52196,11.03206,ooredoo-43E870,98:A9:42:43:E8:71,-86
2026-02-21 17:17:10,164,35.52224,11.03214,Ooredoo 4G_6428B7,B0:0A:D5:64:28:B7,-87
2026-02-21 17:17:10,164,35.52224,11.03214,,E0:E1:A9:C5:43:64,-90
2026-02-21 17:17:00,163,35.52222,11.03216,,E0:E1:A9:C5:43:64,-90
2026-02-21 17:16:10,158,35.52198,11.03184,Ooredoo 4G_6428B7,B0:0A:D5:64:28:B7,-90
2026-02-21 17:16:00,157,35.52167,11.03224,,E0:E1:A9:C5:43:64,-78
2026-02-21 17:14:30,148,35.51921,11.03418,ooredoo-6CB491,98:A9:42:6C:B4:92,-84
2026-02-21 17:14:20,147,35.51892,11.03441,ooredoo-6CB491,98:A9:42:6C:B4:92,-81
2026-02-21 17:13:50,144,35.51789,11.03476,Ooredoo-528A2D,FC:3F:FC:52:8A:2F,-85
2026-02-21 17:13:40,143,35.51772,11.03476,Ooredoo-528A2D,FC:3F:FC:52:8A:2F,-74
2026-02-21 17:13:30,142,35.51748,11.03586,Ooredoo-528A2D,FC:3F:FC:52:8A:2F,-81
2026-02-21 17:13:20,141,35.51743,11.03495,Ooredoo-528A2D,FC:3F:FC:52:8A:2F,-87
2026-02-21 17:12:50,138,35.51739,11.03577,TT_0400,34:60:F9:D1:04:00,-80
2026-02-21 17:12:40,137,35.51739,11.03583,TT_0400,34:60:F9:D1:04:00,-83
2026-02-21 17:12:40,137,35.51739,11.03583,Tunisie_Telecom-2.4G-F82B,A0:9F:7A:6B:F8:2B,-84
2026-02-21 17:12:40,137,35.51739,11.03583,ooredoo-43C6DC,98:A9:42:43:C6:DD,-84
2026-02-21 17:12:40,137,35.51739,11.03583,TT_D910,34:60:F9:2F:D9:10,-84
2026-02-21 17:12:30,136,35.51745,11.03589,ooredoo-43C6DC,98:A9:42:43:C6:DD,-73
2026-02-21 17:12:30,136,35.51745,11.03589,TT_0400,34:60:F9:D1:04:00,-84
2026-02-21 17:12:30,136,35.51745,11.03589,TT_9854_2.4G,B0:19:21:CF:98:54,-88
2026-02-21 17:12:30,136,35.51745,11.03589,Tunisie_Telecom-2.4G-F82B,A0:9F:7A:6B:F8:2B,-88
2026-02-21 17:12:30,136,35.51745,11.03589,TT_D910,34:60:F9:2F:D9:10,-88
2026-02-21 17:12:20,135,35.51745,11.03589,TT_0400,34:60:F9:D1:04:00,-78
2026-02-21 17:12:20,135,35.51745,11.03589,ooredoo-43C6DC,98:A9:42:43:C6:DD,-80
2026-02-21 17:12:20,135,35.51745,11.03589,TT_D910,34:60:F9:2F:D9:10,-81
2026-02-21 17:12:20,135,35.51745,11.03589,TT_9854_2.4G,B0:19:21:CF:98:54,-84
2026-02-21 17:12:10,134,35.51745,11.0359,TT_0400,34:60:F9:D1:04:00,-77
2026-02-21 17:12:10,134,35.51745,11.0359,TT_D910,34:60:F9:2F:D9:10,-84
2026-02-21 17:12:10,134,35.51745,11.0359,TT_9854_2.4G,B0:19:21:CF:98:54,-86
2026-02-21 17:12:10,134,35.51745,11.0359,Tunisie_Telecom-2.4G-F82B,A0:9F:7A:6B:F8:2B,-88
2026-02-22 11:49:43,139,35.50303,11.06851,ooredoo-8B809E,98:A9:42:8B:80:9F,-75
2026-02-22 11:49:43,139,35.50303,11.06851,ooredoo-4408C0,98:A9:42:44:08:C1,-77
2026-02-22 11:49:43,139,35.50303,11.06851,TOPNET_D7A8,84:D8:1B:19:D7:A8,-87
2026-02-22 11:49:43,139,35.50303,11.06851,[LG_Wall-Mount A/C]d6cb,82:5B:65:DA:D6:CB,-88
2026-02-22 11:49:33,138,35.50339,11.06837,ooredoo-4408C0,98:A9:42:44:08:C1,-82
2026-02-22 11:49:33,138,35.50339,11.06837,Orange-E801,E2:FD:34:01:E8:BB,-82
2026-02-22 11:49:33,138,35.50339,11.06837,ooredoo-8B809E,98:A9:42:8B:80:9F,-84
2026-02-22 11:49:33,138,35.50339,11.06837,[LG_Wall-Mount A/C]d6cb,82:5B:65:DA:D6:CB,-86
2026-02-22 11:49:23,137,35.50339,11.06837,ooredoo-8B809E,98:A9:42:8B:80:9F,-73
2026-02-22 11:49:23,137,35.50339,11.06837,[LG_Wall-Mount A/C]d6cb,82:5B:65:DA:D6:CB,-81
2026-02-22 11:49:23,137,35.50339,11.06837,TOPNET_D7A8,84:D8:1B:19:D7:A8,-83
2026-02-22 11:49:23,137,35.50339,11.06837,Orange-E801,E2:FD:34:01:E8:BB,-88
2026-02-22 11:49:23,137,35.50339,11.06837,TT_2130_2.4G_plus,CC:D8:43:9C:9E:59,-89
2026-02-22 11:49:13,136,35.50379,11.06829,[LG_Wall-Mount A/C]d6cb,82:5B:65:DA:D6:CB,-81
2026-02-22 11:49:13,136,35.50379,11.06829,TT_2130_2.4G_plus,CC:D8:43:9C:9E:59,-83
2026-02-22 11:49:13,136,35.50379,11.06829,globalnet,A0:18:42:79:47:7E,-86
2026-02-22 11:49:13,136,35.50379,11.06829,ooredoo-8B809E,98:A9:42:8B:80:9F,-89
2026-02-22 11:49:03,135,35.50376,11.06758,globalnet,A0:18:42:79:47:7E,-83
2026-02-22 11:45:13,112,35.50767,11.05623,MAH_1080,2C:F1:BB:18:01:50,-90
2026-02-22 11:45:03,111,35.50792,11.05565,MAH_1080,2C:F1:BB:18:01:50,-64
2026-02-22 11:44:43,109,35.50816,11.05509,MAH_1080,2C:F1:BB:18:01:50,-72
2026-02-22 11:44:33,108,35.50832,11.05472,MAH_1080,2C:F1:BB:18:01:50,-80
2026-02-22 11:44:23,107,35.50862,11.05397,ooredoo-8B6866,98:A9:42:8B:68:67,-78
2026-02-22 11:44:23,107,35.50862,11.05397,MAH_1080,2C:F1:BB:18:01:50,-84
2026-02-22 11:44:13,106,35.50878,11.05351,ooredoo-8B6866,98:A9:42:8B:68:67,-58
2026-02-22 11:44:03,105,35.5088,11.05343,ooredoo-8B6866,98:A9:42:8B:68:67,-72
2026-02-22 11:43:53,104,35.50901,11.05287,ooredoo-8B6866,98:A9:42:8B:68:67,-80
2026-02-22 11:43:43,103,35.50913,11.05267,ooredoo-8B6866,98:A9:42:8B:68:67,-85
2026-02-22 12:14:33,288,35.50929,11.05584,ooredoo-68B3D1,98:A9:42:68:B3:D2,-90
2026-02-22 12:14:23,287,35.50911,11.0561,ooredoo-68B3D1,98:A9:42:68:B3:D2,-73
2026-02-22 12:14:13,286,35.50898,11.05656,ooredoo-68B3D1,98:A9:42:68:B3:D2,-77
2026-02-22 12:14:03,285,35.50876,11.05616,ooredoo-68B3D1,98:A9:42:68:B3:D2,-89
2026-02-22 12:13:53,284,35.50826,11.05642,ooredoo-68B3D1,98:A9:42:68:B3:D2,-84
2026-02-22 12:13:53,284,35.50826,11.05642,MAH_1080,2C:F1:BB:18:01:50,-89
2026-02-22 12:13:43,283,35.50881,11.05716,MAH_1080,2C:F1:BB:18:01:50,-87
2026-02-22 12:11:13,268,35.50572,11.06434,ooredoo-Famiglia,98:A9:42:5D:8D:AA,-81
2026-02-22 12:11:13,268,35.50572,11.06434,Tunisie_Telecom-2.4G-D5DE,A0:9F:7A:6D:D5:DE,-86
2026-02-22 12:11:03,267,35.50584,11.06427,Tunisie_Telecom-2.4G-D5DE,A0:9F:7A:6D:D5:DE,-87
2026-02-22 12:11:03,267,35.50584,11.06427,ooredoo-Famiglia,98:A9:42:5D:8D:AA,-88
2026-02-22 12:10:53,266,35.50555,11.06457,Tunisie_Telecom-2.4G-D5DE,A0:9F:7A:6D:D5:DE,-88
2026-02-22 12:10:53,266,35.50555,11.06457,ooredoo-Famiglia,98:A9:42:5D:8D:AA,-89
2026-02-22 12:10:43,265,35.50552,11.06538,Tunisie_Telecom-2.4G-D5DE,A0:9F:7A:6D:D5:DE,-65
2026-02-22 12:10:43,265,35.50552,11.06538,ooredoo-Famiglia,98:A9:42:5D:8D:AA,-65
2026-02-22 12:10:33,264,35.5055,11.06531,Tunisie_Telecom-2.4G-D5DE,A0:9F:7A:6D:D5:DE,-80
2026-02-22 12:10:33,264,35.5055,11.06531,ooredoo-Famiglia,98:A9:42:5D:8D:AA,-83
2026-02-22 12:10:23,263,35.50522,11.06465,ooredoo-Famiglia,98:A9:42:5D:8D:AA,-89
2026-02-22 12:08:53,254,35.50285,11.06869,[LG_Wall-Mount A/C]d6cb,82:5B:65:DA:D6:CB,-74
2026-02-22 12:08:53,254,35.50285,11.06869,TT_2130_2.4G_plus,CC:D8:43:9C:9E:59,-79
2026-02-22 12:08:53,254,35.50285,11.06869,globalnet,A0:18:42:79:47:7E,-85
2026-02-22 12:08:43,253,35.50285,11.06869,[LG_Wall-Mount A/C]d6cb,82:5B:65:DA:D6:CB,-73
2026-02-22 12:08:43,253,35.50285,11.06869,globalnet,A0:18:42:79:47:7E,-79
2026-02-22 12:08:43,253,35.50285,11.06869,TT_2130_2.4G_plus,CC:D8:43:9C:9E:59,-81
2026-02-22 12:08:43,253,35.50285,11.06869,ooredoo-8B809E,98:A9:42:8B:80:9F,-90
2026-02-22 12:08:33,252,35.50285,11.06869,[LG_Wall-Mount A/C]d6cb,82:5B:65:DA:D6:CB,-73
2026-02-22 12:08:33,252,35.50285,11.06869,ooredoo-8B809E,98:A9:42:8B:80:9F,-76
2026-02-22 12:08:33,252,35.50285,11.06869,TT_2130_2.4G_plus,CC:D8:43:9C:9E:59,-77
2026-02-22 12:08:33,252,35.50285,11.06869,globalnet,A0:18:42:79:47:7E,-85
2026-02-22 12:08:23,251,35.50285,11.06869,ooredoo-4408C0,98:A9:42:44:08:C1,-75
2026-02-22 12:08:23,251,35.50285,11.06869,Orange-E801,E2:FD:34:01:E8:BB,-79
2026-02-22 12:08:23,251,35.50285,11.06869,ooredoo-8B809E,98:A9:42:8B:80:9F,-81
2026-02-22 12:08:13,250,35.50285,11.06869,ooredoo-4408C0,98:A9:42:44:08:C1,-73
2026-02-22 12:08:03,249,35.50286,11.0687,TOPNET_D7A8,84:D8:1B:19:D7:A8,-84
2026-02-22 12:08:03,249,35.50286,11.0687,ooredoo-4408C0,98:A9:42:44:08:C1,-84
2026-02-22 12:08:03,249,35.50286,11.0687,Orange-E801,E2:FD:34:01:E8:BB,-86
2026-02-22 12:07:53,248,35.50293,11.06871,ooredoo-4408C0,98:A9:42:44:08:C1,-78
2026-02-22 12:07:53,248,35.50293,11.06871,TOPNET_D7A8,84:D8:1B:19:D7:A8,-79
2026-02-22 12:07:53,248,35.50293,11.06871,Orange-E801,E2:FD:34:01:E8:BB,-82
2026-02-22 12:07:43,247,35.50294,11.06845,Orange-E801,E2:FD:34:01:E8:BB,-76
2026-02-22 12:07:43,247,35.50294,11.06845,TOPNET_D7A8,84:D8:1B:19:D7:A8,-83
2026-02-22 12:07:33,246,35.50276,11.06875,TOPNET_D7A8,84:D8:1B:19:D7:A8,-89
2026-02-22 12:07:33,246,35.50276,11.06875,Orange-E801,E2:FD:34:01:E8:BB,-90
2026-02-22 12:07:23,245,35.50272,11.06966,TOPNET_D7A8,84:D8:1B:19:D7:A8,-89
2026-02-22 12:19:13,316,35.51443,11.04612,Comtrend_0516,D8:B6:B7:5C:05:17,-85
2026-02-22 12:27:23,365,35.51737,11.03583,ooredoo-43C6DC,98:A9:42:43:C6:DD,-82
2026-02-22 12:27:23,365,35.51737,11.03583,TT_9854_2.4G,B0:19:21:CF:98:54,-84
2026-02-22 12:27:23,365,35.51737,11.03583,TT_0400,34:60:F9:D1:04:00,-87
2026-02-22 12:27:23,365,35.51737,11.03583,Tunisie_Telecom-2.4G-F82B,A0:9F:7A:6B:F8:2B,-87
2026-02-22 12:27:23,365,35.51737,11.03583,TT_D910,34:60:F9:2F:D9:10,-89
2026-02-22 12:27:13,364,35.51747,11.03551,ooredoo-43C6DC,98:A9:42:43:C6:DD,-75
2026-02-22 12:27:13,364,35.51747,11.03551,Tunisie_Telecom-2.4G-F82B,A0:9F:7A:6B:F8:2B,-84
2026-02-22 12:27:13,364,35.51747,11.03551,TT_9854_2.4G,B0:19:21:CF:98:54,-85
2026-02-22 12:27:13,364,35.51747,11.03551,TT_D910,34:60:F9:2F:D9:10,-88
2026-02-22 12:27:13,364,35.51747,11.03551,TT_0400,34:60:F9:D1:04:00,-90
2026-02-22 12:27:03,363,35.51747,11.03551,TT_0400,34:60:F9:D1:04:00,-75
2026-02-22 12:27:03,363,35.51747,11.03551,ooredoo-43C6DC,98:A9:42:43:C6:DD,-77
2026-02-22 12:27:03,363,35.51747,11.03551,Tunisie_Telecom-2.4G-F82B,A0:9F:7A:6B:F8:2B,-90
2026-02-22 12:26:53,362,35.51739,11.03586,ooredoo-43C6DC,98:A9:42:43:C6:DD,-81
2026-02-22 12:26:53,362,35.51739,11.03586,Tunisie_Telecom-2.4G-F82B,A0:9F:7A:6B:F8:2B,-87
2026-02-22 12:26:53,362,35.51739,11.03586,TT_0400,34:60:F9:D1:04:00,-89
2026-02-22 12:26:43,361,35.51741,11.03621,Tunisie_Telecom-2.4G-F82B,A0:9F:7A:6B:F8:2B,-89
2026-02-22 12:26:13,358,35.51799,11.03478,Ooredoo-528A2D,FC:3F:FC:52:8A:2F,-74
2026-02-22 12:25:53,356,35.51915,11.0342,Ooredoo-528A2D,FC:3F:FC:52:8A:2F,-88
2026-02-22 12:25:43,355,35.5194,11.03413,ooredoo-6CB491,98:A9:42:6C:B4:92,-83
2026-02-22 12:25:33,354,35.5194,11.03413,ooredoo-6CB491,98:A9:42:6C:B4:92,-86
2026-02-22 12:25:23,353,35.51945,11.03451,ooredoo-6CB491,98:A9:42:6C:B4:92,-90
2026-02-22 12:23:43,343,35.51899,11.03962,wireless,98:A9:42:5D:82:1E,-86
2026-02-22 12:23:33,342,35.51891,11.03996,wireless,98:A9:42:5D:82:1E,-56
2026-02-22 12:23:23,341,35.51875,11.04083,wireless,98:A9:42:5D:82:1E,-71
2026-02-22 12:23:13,340,35.5189,11.04154,wireless,98:A9:42:5D:82:1E,-78
2026-02-22 12:23:03,339,35.51803,11.04221,wireless,98:A9:42:5D:82:1E,-90
2026-02-22 12:20:33,324,35.51529,11.04661,Comtrend_0516,D8:B6:B7:5C:05:17,-86
2026-02-22 12:20:23,323,35.51444,11.0462,Comtrend_0516,D8:B6:B7:5C:05:17,-90
2026-02-22 12:20:13,322,35.5145,11.0462,Comtrend_0516,D8:B6:B7:5C:05:17,-83
2026-02-22 12:20:04,321,35.5145,11.0462,Comtrend_0516,D8:B6:B7:5C:05:17,-82
